station,dist,TR_2_mean,TR_2_std,TR_5_mean,TR_5_std,TR_10_mean,TR_10_std,TR_25_mean,TR_25_std,TR_50_mean,TR_50_std,TR_75_mean,TR_75_std,TR_100_mean,TR_100_std
Annandale (WTP),GEV,110.22750507508695,9.298165641626836,148.6363963633365,15.810103343925785,181.68012630257584,25.377104419143784,235.8766879112318,50.410565497260706,288.5140799903963,85.44422734892909,325.59618525250863,116.09883129713336,355.376745243243,144.16402755303915
Annandale (WTP),GPD,137.8812375582396,11.228695602063045,173.4548520802275,19.002055967713876,203.83500915741658,27.20540271221885,249.3111726624038,41.913583925276676,288.3219162564359,56.64689456320624,313.21699476867036,66.99427404613411,331.8903285940227,75.21415134740914
Bacolet III,GEV,62.31280759333449,11.622913557318297,85.01186909679063,19.49596192652169,103.2760315449086,29.86781398688816,131.81928467708877,52.009903439169264,158.5609874115971,79.06456649881456,177.04471662164016,101.1922019393779,191.7396896922777,120.70052455370963
Bacolet III,GPD,63.82213561020546,13.569843879741455,80.18799137584871,24.639619779657828,94.4867534381872,37.73417254958884,116.92149834436184,65.11310838045756,137.53973700955467,97.97435711349493,151.5199917520989,124.56674494634827,162.48495564778338,147.88357146370404
Blaize (TANK),GEV,96.05475936837095,15.750728326503708,144.0292246977119,26.241437386641895,189.12114996789361,41.58771804894577,269.94883047673824,81.1311178510371,355.70352078358957,138.6075744824348,419.92766452271246,190.73256688354937,473.5847616055374,239.58364293158579
Blaize (TANK),GPD,192.28186931127365,32.34787028756457,271.9349897256911,64.29678197922887,349.29143859674656,104.03843773862442,482.11615057365844,189.22681285881097,613.2728496918098,291.53591323307546,705.7156113502365,373.29824139830095,779.6938445560478,444.0374433125491
Bon Accord (WTP),GEV,68.78156523593204,10.268880340724902,95.59987146267427,16.465989041123777,116.90514509315699,25.771081470154087,149.7700422171096,47.56367911860519,180.17593375800303,75.5961555625232,201.0246022230398,99.10229572074266,217.5221890878951,120.1347254686889
Bon Accord (WTP),GPD,108.48929437867184,22.758433801839697,139.2659669753647,41.52780299795109,166.9324878193301,63.24636859031308,211.1370234284532,106.95271423575383,252.071357621449,156.79856172909578,279.79412195253457,195.42723502432477,301.45901765706907,228.24793009638694
Brandon Hall (WTP),GEV,87.26613460237427,13.98099456873877,131.95318228088672,19.30500481474733,165.88718053300926,28.060592620617324,215.76434339281346,51.12598122429645,259.57934559789487,81.27460246259848,288.50320660555354,106.01548703138873,310.8168496836737,127.66934934981248
Brandon Hall (WTP),GPD,130.7842368974869,17.19310325623802,183.2576246513233,34.99862326156313,234.79359466946582,57.1937014380952,324.13123856543365,104.48685204729138,412.9998686164755,160.60555922063048,475.8745083979637,204.92954802653804,526.283116690854,242.92861451994528
Chemin II,GEV,67.92575620901749,7.598313778902097,88.54543089806653,12.96448618567153,104.6275316952819,20.70273076697738,129.05885576269515,38.28600261696032,151.3707438662387,60.7275428741113,166.5547067419979,79.61402657202055,178.5200733324434,96.60549851172925
Chemin II,GPD,70.44162158805067,7.429236318691926,89.52402478737555,14.01602211561325,105.62395782683238,21.736218373114326,129.70065834945868,36.903331174771886,150.55272656050855,53.46338684166164,164.032309778206,65.82709033362835,174.25503713735722,76.0606764958195
Clozier (Tank),GEV,95.46454152206151,17.394886595337837,129.8599649558623,21.85786585405623,158.61689590849682,31.75103557092894,205.13480359527506,59.107824304686304,250.2065826065202,98.04801683689819,282.1082514042179,132.60830385423458,307.876038836889,164.60820037181804
Clozier (Tank),GPD,140.04336672365184,25.399304190935023,192.1728648815373,49.13926205700942,242.16289189565998,78.23404317624527,327.0424036117593,140.02074677224184,410.07729064727897,213.98884036995415,468.2885939595678,273.1995949294088,514.7337844771431,324.58113335161113
Concord (WTP),GEV,103.80190376010552,7.433310934483753,133.27046601221033,12.877374438674977,157.7210224586431,20.43221649474762,196.5650027895327,38.67355872859817,233.1730735338423,62.263264673237714,258.4366309157827,81.74709945780003,278.4541800094454,98.88425198688908
Concord (WTP),GPD,122.27450030292485,10.678616743094274,154.04691786785537,20.097122221820992,181.7747919685269,30.948534222324163,224.3793613356784,52.08053556537135,262.03195914846776,75.024894454589,286.61378171750374,92.08596539833864,305.34147878703516,106.16308518391355
Dougaldston (WTP),GEV,85.33159630043441,12.561744129207263,122.53780619536622,20.90390950703285,155.4152370080487,32.19658330417652,211.05600705554022,60.64474501709405,267.0294487642964,101.16236234254684,307.52587743138474,137.3589218963914,340.6453747881477,170.94081115868283
Dougaldston (WTP),GPD,104.12869431615468,13.375646901601412,141.0337188205549,26.288426153852473,176.49001164105408,42.325433671484575,236.6868861662838,76.31098055105183,295.4541253077945,116.36981431639587,336.5424583646892,147.85423942970192,369.24987801066754,174.76091208121952
Grand Etang (LAKE),GEV,97.01454270411587,12.57638469912112,127.09894486155515,17.751179586351775,151.04740588638526,26.387487815879677,187.94731099282401,47.316383125362606,221.93222508852472,73.93193660113569,245.10690104534632,95.70836447424443,263.35791831670787,114.77824441367562
Grand Etang (LAKE),GPD,112.64354298379305,12.228454253841829,143.90124825554327,21.754486484971636,171.37576979715354,32.25579601121679,213.82869439613293,51.950344101366284,251.49224632998724,72.58676572880319,276.11872810437336,87.54757525039574,294.88873267208686,99.68236197207484
Guapo,GEV,108.85281444265827,16.996776650945748,145.2200925511445,22.52563500086888,176.19087434344004,32.84281914355903,226.90640366894078,59.35236821048747,276.34552932310487,94.87679702925983,311.3432540224043,124.96459540097312,339.557697700436,151.8934933121414
Guapo,GPD,158.8157948528517,25.797778492299773,217.0996093070406,50.20006879327425,271.29284041278197,79.94815986627016,360.4970751477978,142.42475822235033,445.19126505499844,216.3835026172685,503.3876300135408,275.1943053273848,549.2387012548239,326.0499048850144
Les Avocat (WTP),GEV,90.56080221507642,7.5484588047830785,126.2580489329954,14.229477552179238,157.68347950221457,23.14864251015404,210.08060652979808,45.23185422015636,261.5490159227894,75.24262519280799,297.9883818672173,101.07847494986115,327.3103295013359,124.47831007135801
Les Avocat (WTP),GPD,113.67043984496405,8.155718418408446,144.17809000265225,14.057741598311692,170.57439356348684,20.42280889889822,210.6021820456017,32.05016950210994,245.37272216197098,43.885498349230865,267.7490167408769,52.28136187831719,284.62152821203233,58.99178531512004
Mamma Cannes (WTP),GEV,100.6576009160237,11.233220404292805,141.386462693123,16.889964000310453,173.99907887678975,25.354347898479556,224.1321983378574,47.24847495237036,269.95046250728234,76.45130594007057,300.9500884818177,100.89096984353763,325.2191128261196,122.5654164531191
Mamma Cannes (WTP),GPD,120.02806202764613,11.535541904646289,154.96502384783878,20.7565996889625,185.520582060321,31.043221961853554,232.46803643295655,50.49445113296509,273.8675627287503,71.00074626495669,300.81851023606004,85.92112000163715,321.301124123715,98.05004857935103
Mardigras (WTP),GEV,93.92519755931556,9.858852727679999,131.0111412357529,17.171201226458905,163.84175221595459,27.00279192427777,219.3187899194608,52.006415871896124,274.8593175905182,87.0063954921587,314.82077315361573,117.5823956945316,347.3508706931011,145.45641405031418
Mardigras (WTP),GPD,114.90681795437656,11.833719490704434,150.14833611085365,21.6015378223242,181.73675803042929,32.756521395848736,231.51292140755945,54.401796242746954,276.5265849980259,77.81689716844139,306.34269306245517,95.16081362851341,329.2553532602999,109.42336318251358
Mirabeau (WTP),GEV,91.42575840131232,7.717003272022766,128.2687243422098,15.659390784380687,163.0426080500892,26.475596145199166,225.21209328724584,55.5208983863727,290.71344026413766,98.59345313449577,339.43526434204557,137.91204314255296,379.9317567892587,174.86436449046693
Mirabeau (WTP),GPD,128.16044179541768,10.291028746957366,163.64645944868997,17.988209929412903,194.19966757171153,26.346656452810805,240.33379042014204,41.699401167935314,280.26661158276613,57.40783996653913,305.9133305200641,68.59293920922245,325.2306728696459,77.55538465835825
Mt Horne (WTP),GEV,95.83615948870377,16.917867797629896,148.47931253589834,24.914244009056166,191.553944697436,36.97511748159369,259.3088388212254,68.83920148323541,322.7592001335692,112.18029645555116,366.4510596052803,148.82258214012256,401.0564038866364,181.4710765517907
Mt Horne (WTP),GPD,125.66044312069823,14.51756596963732,168.44962679724657,27.273437399026843,207.61593566697263,42.36393624120995,270.73459666209783,72.78117076962829,329.152100149381,106.98422179327548,368.48902872690707,133.0349674235121,399.0458658088916,154.86045654901434
Mt Reuil (WTP),GEV,111.8310273751101,8.203001046976635,140.35471681464455,14.191935841698413,164.7564536878332,22.38180102108409,204.834208096631,42.81848525275238,243.98032617827076,70.56479634476935,271.7157056991151,94.2958246140936,294.0833978564705,115.64341566847114
Mt Reuil (WTP),GPD,126.16063134755902,12.83636988910407,164.15304249456418,24.690949840746153,197.01193883817734,38.814163310502494,247.20442249680153,67.13187074962798,291.4433671166292,98.80662454996614,320.3280758459001,122.9202372060382,342.35504408812983,143.16145107174
Mt.Plaisir (WTP),GEV,104.82247688417569,12.805789308674772,145.10702370670947,16.85578711405468,173.79475162203292,23.85813830818668,213.475506785195,41.34267859135974,246.28187928607483,62.61065793263244,267.0431967069821,79.1752952581829,282.62747339378416,93.18202140899632
Mt.Plaisir (WTP),GPD,122.5487713707649,11.576966872357813,157.02213956545444,20.360230927447592,187.35520806286368,29.965998639848014,234.19666384502273,47.851718232032496,275.6664124042672,66.45656757994458,302.7189132638343,79.87128627295104,323.29984370473255,90.71128895796562
Munich (WTP),GEV,102.88089856748051,10.781983763076704,126.11854467033498,14.577770069910011,145.15164868581581,22.31850014898186,175.31666712064037,41.60060196691156,203.92849224247263,67.14550531818446,223.86612111545557,88.88684196820878,239.8003836290698,108.49179671233216
Munich (WTP),GPD,104.97998161122666,13.816274036831555,132.95332676733645,24.61826387677188,156.40730390726011,36.63056412092395,191.1553009932935,59.31060411721278,220.89101458237886,83.28473665864952,239.92622830189794,100.81637211002571,254.26286357730143,115.13679668269258
Peggy's Whim (WTP),GEV,117.10986779010665,18.738894907112936,181.65298101921226,30.300880794597024,239.6676003864299,45.91187649072149,339.55138945416974,89.15485421180038,441.6296498250111,153.2047040683656,516.1942605479992,210.58398383018752,577.5074957648642,263.5852164280328
Peggy's Whim (WTP),GPD,141.06871067434784,15.328838143208984,194.19763859032864,29.151264523066516,244.87972214043393,45.649087632781985,329.9025666525323,79.22015327318061,411.5922120884209,117.22882485711129,467.94903198046745,146.2491154466841,512.3813580169008,170.57088777989242
Petit Etang (WTP),GEV,97.26902087933563,9.758708192432529,131.31403193601275,13.892181979560139,155.93206983640025,20.65960479996087,190.36079655455885,36.57319620395732,219.0661918680201,55.51823005993583,237.313662990694,70.17842404114025,251.0426684351911,82.53120492380059
Petit Etang (WTP),GPD,127.88619424730788,12.076681597897961,164.21159659494282,23.16347951436161,195.65052485704396,36.1955972305793,243.66320263804678,61.75569921669957,285.926575571451,89.48942689673048,313.4758308739984,110.03339477675604,334.4538327280504,126.9208724813877
Plaisance (WTP),GEV,98.16483332297257,12.295359752968062,123.32421171277616,16.022010776821265,143.96347955281013,24.421536718589817,176.74094865308237,45.586775439234714,207.90488966107853,73.47764493786222,229.6607823477117,97.12172096475938,247.0703020157102,118.41030610077325
Plaisance (WTP),GPD,109.33103817999032,14.848722728907635,140.78561103084007,27.389722509405367,167.9675983258931,41.80145631716946,209.52351134425297,70.0039363797285,246.23306252267682,100.97227660363819,270.2571935092739,124.27078637479833,288.61017182466514,143.67447139607916
Point Saline (MBIA),GEV,71.74954191180291,3.7476327055550454,97.52727908678128,6.805818905966467,118.0410380748368,10.964643752704488,148.97002007536707,20.477129300689406,176.39372635664998,31.945064783233473,194.44768586792517,40.92184848118663,208.2961797926921,48.531323039942485
Point Saline (MBIA),GPD,78.75730355352009,3.876749278949486,101.01038249929853,7.223390427380165,119.9933963180037,11.103433385257809,148.38465716635935,18.503680707611927,172.7250593006135,26.238669010322912,188.25435500363827,31.79548022008142,199.9016569872281,36.26549975179779
Pomme Rose (WTP),GEV,87.96218611693344,5.847491126866066,109.80744146952904,10.26405868705126,127.24828925629214,16.585237089296143,154.20940719836364,31.905690866492048,179.1481158979643,51.9597296540131,196.22113818094203,68.81976016422239,209.7083511022101,83.89111188305215
Pomme Rose (WTP),GPD,109.74931194559892,10.630964622343548,135.9311134730703,18.915793816869776,157.43051492375758,27.791332713072126,188.49802690586355,43.83734090563026,214.33905219555632,60.04765510050138,230.52685398658448,71.52068163278561,242.54058757194747,80.69146247343195
Radix (WTP),GEV,90.19877968150668,12.963894574437276,121.07092578057431,18.926555297229346,147.5623833144818,28.48827233752083,191.3217382864304,52.11927500920879,234.41047783633715,84.21116891569764,265.15671203146246,111.97164003178547,290.0846060679159,137.23165171887413
Radix (WTP),GPD,105.85981172073079,16.46096724883455,143.15641184392643,32.54444964412617,178.73530688939042,52.729945004078445,238.96314226737485,96.26626784612233,297.8302405348848,148.83219938928502,339.12345319938026,191.0174731039754,372.0994739910407,227.63115178772867
Spring Garden (WTP),GEV,106.74270751390895,14.042552876667562,142.96665577886063,18.414910339606283,170.59604800360924,26.32373193412895,211.4399778812198,46.601699492561956,247.55771498569274,72.7334324264266,271.5186101642764,94.09065335333942,290.0645378878702,112.75659373466188
Spring Garden (WTP),GPD,124.25552476587596,10.854834403401991,151.86740648508768,17.70125872658824,174.20420854634568,24.6913477868454,205.89281804949024,36.77208915050183,231.69238938476136,48.44086869471318,247.58989625782127,56.437218631205454,259.2558053325268,62.692502073877144
Tufton Hall (WTP),GEV,121.41523618545916,9.578443063411898,159.1723226145758,17.70583719893099,193.40945245004096,29.084351658655113,252.5775596396873,59.73592520296905,313.1254592305938,105.57451417635207,357.3669445273532,147.85731176229936,393.7537455572674,187.96898366725975
Tufton Hall (WTP),GPD,153.5934574096883,12.223544727551467,189.9810044559702,20.165654632192688,219.8949425535389,28.277351473374317,262.9845453616434,42.31496553657704,298.567939608776,55.891017133122055,320.6948102417827,65.19876222412375,337.0216498752614,72.48003916964953
Vendome (WTP),GEV,111.88275384272563,11.90086791794573,155.49529722176393,17.926727353257977,190.38211779345247,26.79091978946246,243.82127675953666,48.91802365721499,292.37988058221725,77.65097643954729,325.05697331677794,101.24107014647193,350.5336991391564,121.86821856535688
Vendome (WTP),GPD,137.06628755181822,10.541312861543227,169.73274393387894,17.166377074349597,196.99151764936147,23.93569329912156,236.8322623606671,35.70148866641341,270.19560755283084,47.14738705939282,291.13463803455096,55.03005915671997,306.6737553535782,61.214963833814984
