station,X_m,Y_m,X_km,Y_km,Elevation_150m,TR,TR_mean,TR_std,TR_z,TR_std_z,Elev_z,Elev_norm
Annandale (WTP),639931.5594560155,1336682.7217581635,639.9315594560155,1336.6827217581636,237.7699,5,145.40627045620366,15.113073296881481,1.09247373938467,-0.08241414699680623,-0.154327249691115,-0.33087257172641926
Annandale (WTP),639931.5594560155,1336682.7217581635,639.9315594560155,1336.6827217581636,237.7699,10,177.62709336459596,24.9181601297856,0.8836892826824287,0.006294172122560968,-0.154327249691115,-0.33087257172641926
Annandale (WTP),639931.5594560155,1336682.7217581635,639.9315594560155,1336.6827217581636,237.7699,25,231.22974365443199,50.35734700826669,0.666358180483691,0.08224083189969908,-0.154327249691115,-0.33087257172641926
Annandale (WTP),639931.5594560155,1336682.7217581635,639.9315594560155,1336.6827217581636,237.7699,50,283.98602453564814,85.8616371883974,0.5230946294092724,0.09318936183380158,-0.154327249691115,-0.33087257172641926
Annandale (WTP),639931.5594560155,1336682.7217581635,639.9315594560155,1336.6827217581636,237.7699,75,321.4776639668137,116.89066565900788,0.44499051206130635,0.08740102946068498,-0.154327249691115,-0.33087257172641926
Annandale (WTP),639931.5594560155,1336682.7217581635,639.9315594560155,1336.6827217581636,237.7699,100,351.75106564574696,145.26453801534387,0.3921367220897369,0.07977022135841565,-0.154327249691115,-0.33087257172641926
Bacolet III,642568.0625602589,1330277.0044908957,642.5680625602589,1330.2770044908957,45.2726,5,58.61464606468181,6.523741484668268,-2.1445110290968374,-1.959188984635502,-1.6891887584187042,-1.7861555612610769
Bacolet III,642568.0625602589,1330277.0044908957,642.5680625602589,1330.2770044908957,45.2726,10,67.88194725573238,10.576456223673507,-2.282955360453413,-2.043303066683004,-1.6891887584187042,-1.7861555612610769
Bacolet III,642568.0625602589,1330277.0044908957,642.5680625602589,1330.2770044908957,45.2726,25,81.1811723858315,19.161658888206066,-2.3772825247638467,-2.02775585663854,-1.6891887584187042,-1.7861555612610769
Bacolet III,642568.0625602589,1330277.0044908957,642.5680625602589,1330.2770044908957,45.2726,50,92.61818250326284,29.221516527700974,-2.3651338839933826,-1.9319702148075748,-1.6891887584187042,-1.7861555612610769
Bacolet III,642568.0625602589,1330277.0044908957,642.5680625602589,1330.2770044908957,45.2726,75,100.0657117837583,37.129944483447176,-2.322230107940769,-1.8553844217981228,-1.6891887584187042,-1.7861555612610769
Bacolet III,642568.0625602589,1330277.0044908957,642.5680625602589,1330.2770044908957,45.2726,100,105.76256452861395,43.91512646511926,-2.277073318016053,-1.7956981166009844,-1.6891887584187042,-1.7861555612610769
Blaize (TANK),647070.3262890795,1344545.3336850111,647.0703262890795,1344.5453336850112,377.4953,5,105.0815125475631,18.648158601423027,-0.4114804504129858,0.6900043942261779,0.9597618219559464,1.044408794872596
Blaize (TANK),647070.3262890795,1344545.3336850111,647.0703262890795,1344.5453336850112,377.4953,10,145.32455259437256,32.85121348410737,-0.04838535857993824,1.1400202870080927,0.9597618219559464,1.044408794872596
Blaize (TANK),647070.3262890795,1344545.3336850111,647.0703262890795,1344.5453336850112,377.4953,25,224.77543842700305,72.32370330326957,0.5354366665485194,1.5679890822132458,0.9597618219559464,1.044408794872596
Blaize (TANK),647070.3262890795,1344545.3336850111,647.0703262890795,1344.5453336850112,377.4953,50,316.90437266684086,134.55429463056169,1.019916408224838,1.8341885048590123,0.9597618219559464,1.044408794872596
Blaize (TANK),647070.3262890795,1344545.3336850111,647.0703262890795,1344.5453336850112,377.4953,75,390.07357314500314,194.12345032831416,1.3023065352213352,1.968611833528841,0.9597618219559464,1.044408794872596
Blaize (TANK),647070.3262890795,1344545.3336850111,647.0703262890795,1344.5453336850112,377.4953,100,453.5155656780401,251.90555939530546,1.4963786845349638,2.0531596674989756,0.9597618219559464,1.044408794872596
Bon Accord (WTP),639629.7732897006,1334805.494702672,639.6297732897007,1334.805494702672,249.3531,5,94.54843172267243,13.694405099210195,-0.8043227601910509,-0.39239411220921744,-0.06196954998367275,-0.04643572477052713
Bon Accord (WTP),639629.7732897006,1334805.494702672,639.6297732897007,1334.805494702672,249.3531,10,121.90709228346314,23.450766542548777,-0.7240851765548344,-0.2034135351575924,-0.06196954998367275,-0.04643572477052713
Bon Accord (WTP),639629.7732897006,1334805.494702672,639.6297732897007,1334.805494702672,249.3531,25,170.76545273582624,47.85474637284113,-0.5601218552666284,-0.08702868487322904,-0.06196954998367275,-0.04643572477052713
Bon Accord (WTP),639629.7732897006,1334805.494702672,639.6297732897007,1334.805494702672,249.3531,50,222.0446213954537,82.31226806083312,-0.4117590263026564,-0.03371783391145656,-0.06196954998367275,-0.04643572477052713
Bon Accord (WTP),639629.7732897006,1334805.494702672,639.6297732897007,1334.805494702672,249.3531,75,260.0283008200664,113.074848711034,-0.3230075255743876,-0.005543386561746235,-0.06196954998367275,-0.04643572477052713
Bon Accord (WTP),639629.7732897006,1334805.494702672,639.6297732897007,1334.805494702672,249.3531,100,291.4935553247638,141.6670594041402,-0.2617147823916003,0.01319896920610148,-0.06196954998367275,-0.04643572477052713
Brandon Hall (WTP),647213.346179239,1339543.147790501,647.213346179239,1339.5431477905008,183.2226,5,115.59642818358374,18.928094428535857,-0.01931563042844702,0.7511705626738678,-0.5892556937524938,-0.6456307492759821
Brandon Hall (WTP),647213.346179239,1339543.147790501,647.213346179239,1339.5431477905008,183.2226,10,152.26197243962454,29.503651687244712,0.15179063251455255,0.661614550807066,-0.5892556937524938,-0.6456307492759821
Brandon Hall (WTP),647213.346179239,1339543.147790501,647.213346179239,1339.5431477905008,183.2226,25,210.96513458373053,57.5176396462712,0.2553033565553385,0.5665447426519932,-0.5892556937524938,-0.6456307492759821
Brandon Hall (WTP),647213.346179239,1339543.147790501,647.213346179239,1339.5431477905008,183.2226,50,266.96855830800735,96.49661830900777,0.2662576882463935,0.4734416214083405,-0.5892556937524938,-0.6456307492759821
Brandon Hall (WTP),647213.346179239,1339543.147790501,647.213346179239,1339.5431477905008,183.2226,75,306.0508788551961,130.06584207324696,0.2521855733924347,0.408317649547551,-0.5892556937524938,-0.6456307492759821
Brandon Hall (WTP),647213.346179239,1339543.147790501,647.213346179239,1339.5431477905008,183.2226,100,337.2799906099622,160.35676976666244,0.23511174490087203,0.35905159424252675,-0.5892556937524938,-0.6456307492759821
Chemin II,639099.5079964935,1329298.4051760572,639.0995079964935,1329.2984051760573,46.9799,5,71.7886776089719,9.695708294749993,-1.6531716890702948,-1.2661120812002704,-1.6755757412291095,-1.4461035929181751
Chemin II,639099.5079964935,1329298.4051760572,639.0995079964935,1329.2984051760573,46.9799,10,87.69786194631465,15.63803517407662,-1.7111764496893487,-1.3199442308949247,-1.6755757412291095,-1.4461035929181751
Chemin II,639099.5079964935,1329298.4051760572,639.0995079964935,1329.2984051760573,46.9799,25,111.96458407586904,29.202641594031206,-1.7528604188147598,-1.3486094253297636,-1.6755757412291095,-1.4461035929181751
Chemin II,639099.5079964935,1329298.4051760572,639.0995079964935,1329.2984051760573,46.9799,50,134.06573995244088,46.14915466065608,-1.7395845964837702,-1.3267248856135272,-1.6755757412291095,-1.4461035929181751
Chemin II,639099.5079964935,1329298.4051760572,639.0995079964935,1329.2984051760573,46.9799,75,149.01397686521057,59.95017146419672,-1.7104715867262659,-1.2995368276541466,-1.6755757412291095,-1.4461035929181751
Chemin II,639099.5079964935,1329298.4051760572,639.0995079964935,1329.2984051760573,46.9799,100,160.72306413462505,72.01883310745023,-1.6806994359387764,-1.2756397247387752,-1.6755757412291095,-1.4461035929181751
Clozier (Tank),642091.3146107293,1342636.464961706,642.0913146107293,1342.636464961706,485.9424,5,85.67691297172625,11.96916654059791,-1.1351953676740842,-0.7693599096096188,1.824455921681666,1.7861555612610764
Clozier (Tank),642091.3146107293,1342636.464961706,642.0913146107293,1342.636464961706,485.9424,10,110.02083126852683,20.50928439446262,-1.0670576551055053,-0.6237857397562309,1.824455921681666,1.7861555612610764
Clozier (Tank),642091.3146107293,1342636.464961706,642.0913146107293,1342.636464961706,485.9424,25,152.90330132004777,42.61257282870893,-0.9224443397309309,-0.44159591789248936,1.824455921681666,1.7861555612610764
Clozier (Tank),642091.3146107293,1342636.464961706,642.0913146107293,1342.636464961706,485.9424,50,197.54978952594226,74.32327936440471,-0.7814484740446365,-0.31936300517039723,1.824455921681666,1.7861555612610764
Clozier (Tank),642091.3146107293,1342636.464961706,642.0913146107293,1342.636464961706,485.9424,75,230.53050887823483,102.81316907813552,-0.691672799969698,-0.2554940089036942,1.824455921681666,1.7861555612610764
Clozier (Tank),642091.3146107293,1342636.464961706,642.0913146107293,1342.636464961706,485.9424,100,257.8345787395144,129.4064023556132,-0.6269468067871333,-0.21368418428607228,1.824455921681666,1.7861555612610764
Concord (WTP),639177.692304016,1339861.2284674384,639.177692304016,1339.8612284674384,330.0636,5,133.27046601221033,12.877374438674977,0.6398561692690687,-0.5709158667293417,0.581569033675205,0.5350828150863223
Concord (WTP),639177.692304016,1339861.2284674384,639.177692304016,1339.8612284674384,330.0636,10,157.7210224586431,20.43221649474762,0.3093089566706632,-0.6347996440656827,0.581569033675205,0.5350828150863223
Concord (WTP),639177.692304016,1339861.2284674384,639.177692304016,1339.8612284674384,330.0636,25,196.5650027895327,38.67355872859817,-0.036794241703642476,-0.7080207736402453,0.581569033675205,0.5350828150863223
Concord (WTP),639177.692304016,1339861.2284674384,639.177692304016,1339.8612284674384,330.0636,50,233.1730735338423,62.263264673237714,-0.24380231824356985,-0.7505671403550951,0.581569033675205,0.5350828150863223
Concord (WTP),639177.692304016,1339861.2284674384,639.177692304016,1339.8612284674384,330.0636,75,258.4366309157827,81.74709945780003,-0.3429003169794747,-0.7686144141656922,0.581569033675205,0.5350828150863223
Concord (WTP),639177.692304016,1339861.2284674384,639.177692304016,1339.8612284674384,330.0636,100,278.4541800094454,98.88425198688908,-0.40320445101551045,-0.778495817105573,0.581569033675205,0.5350828150863223
Dougaldston (WTP),638442.536428648,1343906.1026772473,638.442536428648,1343.9061026772472,67.9839,5,103.31730445003187,13.907583720982895,-0.4772784439426259,-0.34581443849157006,-1.508102061705738,-1.22064034884735
Dougaldston (WTP),638442.536428648,1343906.1026772473,638.442536428648,1343.9061026772472,67.9839,10,130.2701905202673,23.00022070359582,-0.4827719051202647,-0.2678018054439266,-1.508102061705738,-1.22064034884735
Dougaldston (WTP),638442.536428648,1343906.1026772473,638.442536428648,1343.9061026772472,67.9839,25,177.35514717097118,46.23034952874877,-0.4264540565773155,-0.19689873962937923,-1.508102061705738,-1.22064034884735
Dougaldston (WTP),638442.536428648,1343906.1026772473,638.442536428648,1343.9061026772472,67.9839,50,225.93907725732413,79.15747136514918,-0.35298176077578297,-0.14651714765045998,-1.508102061705738,-1.22064034884735
Dougaldston (WTP),638442.536428648,1343906.1026772473,638.442536428648,1343.9061026772472,67.9839,75,261.5885773099798,108.31640161833971,-0.3035070910530246,-0.12144807806927305,-1.508102061705738,-1.22064034884735
Dougaldston (WTP),638442.536428648,1343906.1026772473,638.442536428648,1343.9061026772472,67.9839,100,290.96657297799453,135.17267388614687,-0.2674330438736086,-0.10697947314689253,-1.508102061705738,-1.22064034884735
Grand Etang (LAKE),641815.2189478142,1337485.023368999,641.8152189478142,1337.485023368999,522.4158,5,95.78103297363147,14.311688185242346,-0.7583516022257738,-0.2575173384515866,2.115273599396755,5.19933758270342
Grand Etang (LAKE),641815.2189478142,1337485.023368999,641.8152189478142,1337.485023368999,522.4158,10,122.76156936150309,23.037529794003515,-0.6994296418200819,-0.2624699000313925,2.115273599396755,5.19933758270342
Grand Etang (LAKE),641815.2189478142,1337485.023368999,641.8152189478142,1337.485023368999,522.4158,25,166.86064973334751,44.353388078097964,-0.6393283233045157,-0.3238516194679352,2.115273599396755,5.19933758270342
Grand Etang (LAKE),641815.2189478142,1337485.023368999,641.8152189478142,1337.485023368999,522.4158,50,209.61711929740272,72.85738771683884,-0.599321709399056,-0.3717757555981454,2.115273599396755,5.19933758270342
Grand Etang (LAKE),641815.2189478142,1337485.023368999,641.8152189478142,1337.485023368999,522.4158,75,239.71742182130174,97.06157759809757,-0.5768541793868283,-0.3955893852281709,2.115273599396755,5.19933758270342
Grand Etang (LAKE),641815.2189478142,1337485.023368999,641.8152189478142,1337.485023368999,522.4158,100,263.8808610266252,118.75814413411004,-0.5613388726244505,-0.4107299376198104,2.115273599396755,5.19933758270342
Guapo,645487.8905685542,1338306.287431891,645.4878905685541,1338.3062874318912,375.583,5,91.54184034606443,15.280553821652964,-0.9164567426963793,-0.04581953852694772,0.944514253999722,0.895779818883589
Guapo,645487.8905685542,1338306.287431891,645.4878905685541,1338.3062874318912,375.583,10,123.7717284499877,26.734852110692852,-0.6702819757985554,0.26592070549708224,0.944514253999722,0.895779818883589
Guapo,645487.8905685542,1338306.287431891,645.4878905685541,1338.3062874318912,375.583,25,184.38612522921605,59.17546688317212,-0.2838350976972016,0.6786759438156572,0.944514253999722,0.895779818883589
Guapo,645487.8905685542,1338306.287431891,645.4878905685541,1338.3062874318912,375.583,50,251.77887006382406,109.49977942116956,0.037006575673765384,0.9383678247025797,0.944514253999722,0.895779818883589
Guapo,645487.8905685542,1338306.287431891,645.4878905685541,1338.3062874318912,375.583,75,303.9142951099171,156.7492052034753,0.2254824142449589,1.0582622452835722,0.944514253999722,0.895779818883589
Guapo,645487.8905685542,1338306.287431891,645.4878905685541,1338.3062874318912,375.583,100,348.4016586494988,201.945287894816,0.35579245907669055,1.1286460869875583,0.944514253999722,0.895779818883589
Les Avocat (WTP),641406.310971107,1334198.0404243143,641.406310971107,1334.1980404243143,382.6017,5,126.2580489329954,14.229477552179238,0.3783207108098342,-0.27548041764009823,1.0004772855399373,1.2206403488473496
Les Avocat (WTP),641406.310971107,1334198.0404243143,641.406310971107,1334.1980404243143,382.6017,10,157.68347950221457,23.14864251015404,0.30822567229702963,-0.24659059324126634,1.0004772855399373,1.2206403488473496
Les Avocat (WTP),641406.310971107,1334198.0404243143,641.406310971107,1334.1980404243143,382.6017,25,210.08060652979808,45.23185422015636,0.23736126242461228,-0.264434412717999,1.0004772855399373,1.2206403488473496
Les Avocat (WTP),641406.310971107,1334198.0404243143,641.406310971107,1334.1980404243143,382.6017,50,261.5490159227894,75.24262519280799,0.18446297979202458,-0.28649192391353556,1.0004772855399373,1.2206403488473496
Les Avocat (WTP),641406.310971107,1334198.0404243143,641.406310971107,1334.1980404243143,382.6017,75,297.9883818672173,101.07847494986115,0.15141997472505142,-0.2977471187693578,1.0004772855399373,1.2206403488473496
Les Avocat (WTP),641406.310971107,1334198.0404243143,641.406310971107,1334.1980404243143,382.6017,100,327.3103295013359,124.47831007135801,0.12693140554864302,-0.30487840933672733,1.0004772855399373,1.2206403488473496
Mamma Cannes (WTP),646713.0571659515,1335136.8623881326,646.7130571659515,1335.1368623881326,273.3038,5,141.386462693123,16.889964000310453,0.9425507878033322,0.3058376791449915,0.1289994014617859,0.13971029888186212
Mamma Cannes (WTP),646713.0571659515,1335136.8623881326,646.7130571659515,1335.1368623881326,273.3038,10,173.99907887678975,25.354347898479556,0.7790046287330467,0.06863050622682909,0.1289994014617859,0.13971029888186212
Mamma Cannes (WTP),646713.0571659515,1335136.8623881326,646.7130571659515,1335.1368623881326,273.3038,25,224.1321983378574,47.24847495237036,0.5223889467200771,-0.12803533568424538,0.1289994014617859,0.13971029888186212
Mamma Cannes (WTP),646713.0571659515,1335136.8623881326,646.7130571659515,1335.1368623881326,273.3038,50,269.95046250728234,76.45130594007057,0.311262223183479,-0.24327571318043567,0.1289994014617859,0.13971029888186212
Mamma Cannes (WTP),646713.0571659515,1335136.8623881326,646.7130571659515,1335.1368623881326,273.3038,75,300.9500884818177,100.89096984353763,0.18843557182137669,-0.30231430656847813,0.1289994014617859,0.13971029888186212
Mamma Cannes (WTP),646713.0571659515,1335136.8623881326,646.7130571659515,1335.1368623881326,273.3038,100,325.2191128261196,122.5654164531191,0.10423970849705598,-0.3402764581267178,0.1289994014617859,0.13971029888186212
Mardigras (WTP),640099.788818693,1332964.8053437679,640.099788818693,1332.964805343768,343.0627,5,128.31911088846806,16.478773972224616,0.4551901806870848,0.21599237859412115,0.6852162964581157,0.7647096737863867
Mardigras (WTP),640099.788818693,1332964.8053437679,640.099788818693,1332.964805343768,343.0627,10,161.53047238683519,25.317481064034233,0.41922884503126046,0.06336180436425376,0.6852162964581157,0.7647096737863867
Mardigras (WTP),640099.788818693,1332964.8053437679,640.099788818693,1332.964805343768,343.0627,25,214.14687855764544,47.198752137101295,0.319843027881819,-0.13139845994548124,0.6852162964581157,0.7647096737863867
Mardigras (WTP),640099.788818693,1332964.8053437679,640.099788818693,1332.964805343768,343.0627,50,263.48318627947947,76.10499265498946,0.2136545404776754,-0.25565809615595103,0.6852162964581157,0.7647096737863867
Mardigras (WTP),640099.788818693,1332964.8053437679,640.099788818693,1332.964805343768,343.0627,75,297.3767161712684,100.23438687369668,0.14377533806614926,-0.3183071389119018,0.6852162964581157,0.7647096737863867
Mardigras (WTP),640099.788818693,1332964.8053437679,640.099788818693,1332.964805343768,343.0627,100,324.1450310707616,121.57306324507238,0.0925848962099935,-0.35863992954008433,0.6852162964581157,0.7647096737863867
Mirabeau (WTP),645894.3696837563,1342246.5734367769,645.8943696837563,1342.2465734367768,266.6546,5,128.2687243422098,15.659390784380687,0.4533109615352615,0.03695659525844133,0.07598254801069076,0.046435724770526994
Mirabeau (WTP),645894.3696837563,1342246.5734367769,645.8943696837563,1342.2465734367768,266.6546,10,163.0426080500892,26.475596145199166,0.46286080933688956,0.22886999558852855,0.07598254801069076,0.046435724770526994
Mirabeau (WTP),645894.3696837563,1342246.5734367769,645.8943696837563,1342.2465734367768,266.6546,25,225.21209328724584,55.5208983863727,0.5442939352018813,0.43149026236488486,0.07598254801069076,0.046435724770526994
Mirabeau (WTP),645894.3696837563,1342246.5734367769,645.8943696837563,1342.2465734367768,266.6546,50,290.71344026413766,98.59345313449577,0.6246284802495234,0.5484136567419242,0.07598254801069076,0.046435724770526994
Mirabeau (WTP),645894.3696837563,1342246.5734367769,645.8943696837563,1342.2465734367768,266.6546,75,339.43526434204557,137.91204314255296,0.6694257403953875,0.5994328383326009,0.07598254801069076,0.046435724770526994
Mirabeau (WTP),645894.3696837563,1342246.5734367769,645.8943696837563,1342.2465734367768,266.6546,100,379.9317567892587,174.86436449046693,0.697924120263947,0.6275142734852052,0.07598254801069076,0.046435724770526994
Mt Horne (WTP),647736.8847822134,1342690.5084765148,647.7368847822133,1342.6905084765149,145.5919,5,120.7338441294749,20.679947062938236,0.1722896918914354,1.1339515537193483,-0.8893010085515858,-0.8957798188835894
Mt Horne (WTP),647736.8847822134,1342690.5084765148,647.7368847822133,1342.6905084765149,145.5919,10,162.9913811905036,32.9378806892784,0.4613826823650553,1.152406044347417,-0.8893010085515858,-0.8957798188835894
Mt Horne (WTP),647736.8847822134,1342690.5084765148,647.7368847822133,1342.6905084765149,145.5919,25,236.90376622295764,66.44198746314451,0.781452152429239,1.1701648413173968,-0.8893010085515858,-0.8957798188835894
Mt Horne (WTP),647736.8847822134,1342690.5084765148,647.7368847822133,1342.6905084765149,145.5919,50,313.4970579228604,116.18990814329347,0.9684913438400066,1.1775724396033094,-0.8893010085515858,-0.8957798188835894
Mt Horne (WTP),647736.8847822134,1342690.5084765148,647.7368847822133,1342.6905084765149,145.5919,75,369.9506893158169,161.11733294067864,1.0508094569606607,1.1646596661193178,-0.8893010085515858,-0.8957798188835894
Mt Horne (WTP),647736.8847822134,1342690.5084765148,647.7368847822133,1342.6905084765149,145.5919,100,416.63465934609985,202.90947854863907,1.0961856469647226,1.146488411036035,-0.8893010085515858,-0.8957798188835894
Mt Reuil (WTP),647205.7579199586,1347899.0524800932,647.2057579199586,1347.8990524800931,153.2649,5,129.5873361996511,18.66261412210033,0.5024899753859757,0.6931629353170634,-0.8281209693693906,-0.7647096737863871
Mt Reuil (WTP),647205.7579199586,1347899.0524800932,647.2057579199586,1347.8990524800931,153.2649,10,163.54193901212304,28.493822784050725,0.47726876970816484,0.5172981888739226,-0.8281209693693906,-0.7647096737863871
Mt Reuil (WTP),647205.7579199586,1347899.0524800932,647.2057579199586,1347.8990524800931,153.2649,25,214.62950781246587,53.57789183242676,0.3296328581554124,0.3000702603807752,-0.8281209693693906,-0.7647096737863871
Mt Reuil (WTP),647205.7579199586,1347899.0524800932,647.2057579199586,1347.8990524800931,153.2649,50,260.555537999475,86.17819115781484,0.16946886565519317,0.10450770464825154,-0.8281209693693906,-0.7647096737863871
Mt Reuil (WTP),647205.7579199586,1347899.0524800932,647.2057579199586,1347.8990524800931,153.2649,75,291.34909221354314,112.94638299610087,0.0684417115795102,-0.008672512255184877,-0.8281209693693906,-0.7647096737863871
Mt Reuil (WTP),647205.7579199586,1347899.0524800932,647.2057579199586,1347.8990524800931,153.2649,100,315.338186375961,136.38712351651182,-0.0029777751110557802,-0.08450611296692492,-0.8281209693693906,-0.7647096737863871
Mt.Plaisir (WTP),638044.3701037947,1341144.833840173,638.0443701037947,1341.144833840173,205.6737,5,140.08687043250288,17.030306349727795,0.8940811297878666,0.3365025778588877,-0.41024368050039106,-0.5350828150863223
Mt.Plaisir (WTP),638044.3701037947,1341144.833840173,638.0443701037947,1341.144833840173,205.6737,10,170.72065475306593,24.927579028770094,0.6844072405349467,0.007640242957489913,-0.41024368050039106,-0.5350828150863223
Mt.Plaisir (WTP),638044.3701037947,1341144.833840173,638.0443701037947,1341.144833840173,205.6737,25,214.86427702860428,45.37316003355332,0.3343950037495799,-0.2548768483138639,-0.41024368050039106,-0.5350828150863223
Mt.Plaisir (WTP),638044.3701037947,1341144.833840173,638.0443701037947,1341.144833840173,205.6737,50,252.91584724237256,71.45296069576307,0.054166459337062205,-0.4219908469194314,-0.41024368050039106,-0.5350828150863223
Mt.Plaisir (WTP),638044.3701037947,1341144.833840173,638.0443701037947,1341.144833840173,205.6737,75,277.71494720653305,92.4638517145123,-0.10195869737539551,-0.5075792823085206,-0.41024368050039106,-0.5350828150863223
Mt.Plaisir (WTP),638044.3701037947,1341144.833840173,638.0443701037947,1341.144833840173,205.6737,100,296.689865071761,110.62772318911972,-0.20532986161199046,-0.5611831748253845,-0.41024368050039106,-0.5350828150863223
Munich (WTP),647287.3774011964,1336418.5644464027,647.2873774011964,1336.4185644464028,243.2152,5,91.82738912807928,12.255650869179732,-0.9058069010265098,-0.7067628891410804,-0.11090959462024207,-0.13971029888186212
Munich (WTP),647287.3774011964,1336418.5644464027,647.2873774011964,1336.4185644464028,243.2152,10,114.33728732849913,19.916434618032277,-0.9425083429556665,-0.7085109071946887,-0.11090959462024207,-0.13971029888186212
Munich (WTP),647287.3774011964,1336418.5644464027,647.2873774011964,1336.4185644464028,243.2152,25,151.27445278061145,39.43337922969575,-0.9554845058277928,-0.6566284550919518,-0.11090959462024207,-0.13971029888186212
Munich (WTP),647287.3774011964,1336418.5644464027,647.2873774011964,1336.4185644464028,243.2152,50,187.31159008821817,66.53349453519628,-0.9359689996872549,-0.5978856700734417,-0.11090959462024207,-0.13971029888186212
Munich (WTP),647287.3774011964,1336418.5644464027,647.2873774011964,1336.4185644464028,243.2152,75,212.828484448382,90.13295716676456,-0.9129138239301835,-0.564354446186682,-0.11090959462024207,-0.13971029888186212
Munich (WTP),647287.3774011964,1336418.5644464027,647.2873774011964,1336.4185644464028,243.2152,100,233.40289793250025,111.64458852394208,-0.8920538642738952,-0.5423661071161878,-0.11090959462024207,-0.13971029888186212
Peggy's Whim (WTP),647128.3562519671,1346005.6788220564,647.1283562519671,1346.0056788220563,241.6209,5,164.90811485551959,28.803809367917026,1.8198155044507536,2.909020987728917,-0.12362161553359721,-0.23421919391461965
Peggy's Whim (WTP),647128.3562519671,1346005.6788220564,647.1283562519671,1346.0056788220563,241.6209,10,226.17981003640708,45.21259785876104,2.2846551167974867,2.906606701562843,-0.12362161553359721,-0.23421919391461965
Peggy's Whim (WTP),647128.3562519671,1346005.6788220564,647.1283562519671,1346.0056788220563,241.6209,25,331.83916154930455,90.87610284330977,2.7071568168661373,2.822826014909414,-0.12362161553359721,-0.23421919391461965
Peggy's Whim (WTP),647128.3562519671,1346005.6788220564,647.1283562519671,1346.0056788220563,241.6209,50,439.7536621888109,159.54597579837534,2.8740253174352266,2.727762562664408,-0.12362161553359721,-0.23421919391461965
Peggy's Whim (WTP),647128.3562519671,1346005.6788220564,647.1283562519671,1346.0056788220563,241.6209,75,518.4969832784809,222.28158315934692,2.9073504594921045,2.6544783852909823,-0.12362161553359721,-0.23421919391461965
Peggy's Whim (WTP),647128.3562519671,1346005.6788220564,647.1283562519671,1346.0056788220563,241.6209,100,583.1979973547225,281.23050218138104,2.9035568537775447,2.595817003802314,-0.12362161553359721,-0.23421919391461965
Petit Etang (WTP),643102.24324995,1333701.5358637525,643.10224324995,1333.7015358637525,338.2855,5,150.71934442611453,20.72674233983676,1.2906304121626146,1.1441763535202605,0.6471256822027811,0.645630749275982
Petit Etang (WTP),643102.24324995,1333701.5358637525,643.10224324995,1333.7015358637525,338.2855,10,191.3927544403291,33.43815723457779,1.280890967223931,1.2239014142558573,0.6471256822027811,0.645630749275982
Petit Etang (WTP),643102.24324995,1333701.5358637525,643.10224324995,1333.7015358637525,338.2855,25,256.9620638956779,67.29943228352364,1.1883220796701846,1.2281602195453516,0.6471256822027811,0.645630749275982
Petit Etang (WTP),643102.24324995,1333701.5358637525,643.10224324995,1333.7015358637525,338.2855,50,319.51300343255764,118.05021157420603,1.0592872956135746,1.2440873280715055,0.6471256822027811,0.645630749275982
Petit Etang (WTP),643102.24324995,1333701.5358637525,643.10224324995,1333.7015358637525,338.2855,75,363.0581501396898,166.22298440756043,0.9646660652227934,1.2890214477439235,0.6471256822027811,0.645630749275982
Petit Etang (WTP),643102.24324995,1333701.5358637525,643.10224324995,1333.7015358637525,338.2855,100,397.787108722868,213.40549231644184,0.8916717321822702,1.3407168845436979,0.6471256822027811,0.645630749275982
Plaisance (WTP),646641.7064039197,1337946.811127813,646.6417064039198,1337.9468111278131,304.9725,5,88.80765470613802,12.480678863289505,-1.0184310672085866,-0.6575941195158318,0.38150719591626087,0.3308725717264201
Plaisance (WTP),646641.7064039197,1337946.811127813,646.6417064039198,1337.9468111278131,304.9725,10,111.69877505884273,20.915517473140124,-1.0186413751743992,-0.5657302812263659,0.38150719591626087,0.3308725717264201
Plaisance (WTP),646641.7064039197,1337946.811127813,646.6417064039198,1337.9468111278131,304.9725,25,150.48072938804066,42.36622928296265,-0.9715846846293033,-0.45825796630658294,0.38150719591626087,0.3308725717264201
Plaisance (WTP),646641.7064039197,1337946.811127813,646.6417064039198,1337.9468111278131,304.9725,50,189.562555573502,72.64515674762136,-0.9019961930326142,-0.3793640441603363,0.38150719591626087,0.3308725717264201
Plaisance (WTP),646641.7064039197,1337946.811127813,646.6417064039198,1337.9468111278131,304.9725,75,217.88031989255967,99.50288331112783,-0.8497756641689254,-0.33612486244745826,0.38150719591626087,0.3308725717264201
Plaisance (WTP),646641.7064039197,1337946.811127813,646.6417064039198,1337.9468111278131,304.9725,100,241.06451200689963,124.33712253464111,-0.8089180383392321,-0.30749108118925017,0.38150719591626087,0.3308725717264201
Point Saline (MBIA),632169.1794283406,1327633.398995253,632.1691794283406,1327.633398995253,14.8969,5,97.52727908678128,6.805818905966467,-0.6932235197648798,-1.8975548764030412,-1.9313869229158513,-5.199337582605575
Point Saline (MBIA),632169.1794283406,1327633.398995253,632.1691794283406,1327.633398995253,14.8969,10,118.0410380748368,10.964643752704488,-0.8356383548400526,-1.987826528271025,-1.9313869229158513,-5.199337582605575
Point Saline (MBIA),632169.1794283406,1327633.398995253,632.1691794283406,1327.633398995253,14.8969,25,148.97002007536707,20.477129300689406,-1.0022284709644553,-1.9387807968954283,-1.9313869229158513,-5.199337582605575
Point Saline (MBIA),632169.1794283406,1327633.398995253,632.1691794283406,1327.633398995253,14.8969,50,176.39372635664998,31.945064783233473,-1.1007473919190258,-1.8345901286107609,-1.9313869229158513,-5.199337582605575
Point Saline (MBIA),632169.1794283406,1327633.398995253,632.1691794283406,1327.633398995253,14.8969,75,194.44768586792517,40.92184848118663,-1.1426382102717696,-1.7630224695639751,-1.9313869229158513,-5.199337582605575
Point Saline (MBIA),632169.1794283406,1327633.398995253,632.1691794283406,1327.633398995253,14.8969,100,208.2961797926921,48.531323039942485,-1.164485721163707,-1.710275513889697,-1.9313869229158513,-5.199337582605575
Pomme Rose (WTP),645245.4876460687,1334183.9696417188,645.2454876460687,1334.1839696417187,315.1599,5,107.84596481623198,9.556827140529986,-0.30837730019991677,-1.2964577077706294,0.46273559825754773,0.4307272992954577
Pomme Rose (WTP),645245.4876460687,1334183.9696417188,645.2454876460687,1334.1839696417187,315.1599,10,124.78977811908896,15.687776276602195,-0.6409066307795801,-1.3128356455372174,0.46273559825754773,0.4307272992954577
Pomme Rose (WTP),645245.4876460687,1334183.9696417188,645.2454876460687,1334.1839696417187,315.1599,25,151.33957038791021,30.63210921894462,-0.9541636362018632,-1.2519238852214063,0.46273559825754773,0.4307272992954577
Pomme Rose (WTP),645245.4876460687,1334183.9696417188,645.2454876460687,1334.1839696417187,315.1599,50,176.18980175076703,50.145204646395776,-1.1038251340048453,-1.183846678382341,0.46273559825754773,0.4307272992954577
Pomme Rose (WTP),645245.4876460687,1334183.9696417188,645.2454876460687,1334.1839696417187,315.1599,75,193.3232826895143,66.4465695458107,-1.156691072503534,-1.1412996967389801,0.46273559825754773,0.4307272992954577
Pomme Rose (WTP),645245.4876460687,1334183.9696417188,645.2454876460687,1334.1839696417187,315.1599,100,206.91294945029787,80.9212608779695,-1.1794950907111865,-1.11090052044349,0.46273559825754773,0.4307272992954577
Radix (WTP),638953.8270941502,1333795.0790934463,638.9538270941503,1333.7950790934462,234.7337,5,100.78046555348413,15.16201052556584,-0.5718925144337251,-0.07172132927517834,-0.17853614255765762,-0.4307272992954556
Radix (WTP),638953.8270941502,1333795.0790934463,638.9538270941503,1333.7950790934462,234.7337,10,135.23364435151723,27.01981769559556,-0.33955377617824845,0.30664562073691554,-0.17853614255765762,-0.4307272992954556
Radix (WTP),638953.8270941502,1333795.0790934463,638.9538270941503,1333.7950790934462,234.7337,25,201.8631435214219,59.17560072163643,0.07067520407229616,0.6786849963076362,-0.17853614255765762,-0.4307272992954556
Radix (WTP),638953.8270941502,1333795.0790934463,638.9538270941503,1333.7950790934462,234.7337,50,277.3823882484703,108.13332341026387,0.4234289258396008,0.8895103815286439,-0.17853614255765762,-0.4307272992954556
Radix (WTP),638953.8270941502,1333795.0790934463,638.9538270941503,1333.7950790934462,234.7337,75,336.3330079275806,153.91443830454966,0.6306535429868946,0.989213924157932,-0.17853614255765762,-0.4307272992954556
Radix (WTP),638953.8270941502,1333795.0790934463,638.9538270941503,1333.7950790934462,234.7337,100,386.8418136365413,197.67450335474294,0.7729048329017534,1.0496153253813674,-0.17853614255765762,-0.4307272992954556
Spring Garden (WTP),642503.6059469315,1339205.5006560415,642.5036059469315,1339.2055006560415,395.2903,5,116.28144167874291,18.352145222853697,0.006232667181836112,0.625325269860136,1.1016488019177821,1.4461035929181743
Spring Garden (WTP),642503.6059469315,1339205.5006560415,642.5036059469315,1339.2055006560415,395.2903,10,151.08912408331645,28.461335671501136,0.11794864408592953,0.5126554004985452,1.1016488019177821,1.4461035929181743
Spring Garden (WTP),642503.6059469315,1339205.5006560415,642.5036059469315,1339.2055006560415,395.2903,25,206.70460656313765,53.51603349098726,0.1688812307084272,0.29588632011654775,1.1016488019177821,1.4461035929181743
Spring Garden (WTP),642503.6059469315,1339205.5006560415,642.5036059469315,1339.2055006560415,395.2903,50,259.5401048383721,86.86740746750931,0.15414339101846855,0.12915053721417405,1.1016488019177821,1.4461035929181743
Spring Garden (WTP),642503.6059469315,1339205.5006560415,642.5036059469315,1339.2055006560415,395.2903,75,296.25135037936917,114.84964341934872,0.1297104450299599,0.037686480062647874,1.1016488019177821,1.4461035929181743
Spring Garden (WTP),642503.6059469315,1339205.5006560415,642.5036059469315,1339.2055006560415,395.2903,100,325.48281026434785,139.67670344920833,0.1071010774084988,-0.023632518196208673,1.1016488019177821,1.4461035929181743
Tufton Hall (WTP),641852.9731783187,1346360.2725867275,641.8529731783187,1346.3602725867274,145.113,5,161.74432129134627,21.07666774541945,1.7018185012877474,1.2206352924233188,-0.8931194786108004,-1.044408794872596
Tufton Hall (WTP),641852.9731783187,1346360.2725867275,641.8529731783187,1346.3602725867274,145.113,10,202.14008815860427,30.760359594257356,1.5910002335892033,0.8412128100557814,-0.8931194786108004,-1.044408794872596
Tufton Hall (WTP),641852.9731783187,1346360.2725867275,641.8529731783187,1346.3602725867274,145.113,25,262.43375768664487,55.21019363708288,1.2993119398736874,0.4104749864847211,-0.8931194786108004,-1.044408794872596
Tufton Hall (WTP),641852.9731783187,1346360.2725867275,641.8529731783187,1346.3602725867274,145.113,50,315.8163287134211,86.72136540739344,1.00349505165454,0.12392882382115633,-0.8931194786108004,-1.044408794872596
Tufton Hall (WTP),641852.9731783187,1346360.2725867275,641.8529731783187,1346.3602725867274,145.113,75,351.1024356541415,112.38828561279355,0.8152427873686963,-0.022266465026605963,-0.8931194786108004,-1.044408794872596
Tufton Hall (WTP),641852.9731783187,1346360.2725867275,641.8529731783187,1346.3602725867274,145.113,100,378.300556861295,134.71637510530562,0.6802240440190522,-0.11542327072822488,-0.8931194786108004,-1.044408794872596
Vendome (WTP),639882.8325923949,1335770.761650724,639.882832592395,1335.7707616507241,273.98,5,155.49529722176393,17.926727353257977,1.468754586734625,0.5323711762711751,0.13439102696615188,0.2342191939146195
Vendome (WTP),639882.8325923949,1335770.761650724,639.882832592395,1335.7707616507241,273.98,10,190.38211779345247,26.79091978946246,1.2517295214793143,0.2739334326001325,0.13439102696615188,0.2342191939146195
Vendome (WTP),639882.8325923949,1335770.761650724,639.882832592395,1335.7707616507241,273.98,25,243.82127675953666,48.91802365721499,0.9217694941413526,-0.015111324358777992,0.13439102696615188,0.2342191939146195
Vendome (WTP),639882.8325923949,1335770.761650724,639.882832592395,1335.7707616507241,273.98,50,292.37988058221725,77.65097643954729,0.6497793122359485,-0.2003816625942172,0.13439102696615188,0.2342191939146195
Vendome (WTP),639882.8325923949,1335770.761650724,639.882832592395,1335.7707616507241,273.98,75,325.05697331677794,101.24107014647193,0.48972494731166016,-0.2937866783700704,0.13439102696615188,0.2342191939146195
Vendome (WTP),639882.8325923949,1335770.761650724,639.882832592395,1335.7707616507241,273.98,100,350.5336991391564,121.86821856535688,0.37892713348245166,-0.35317808768519066,0.13439102696615188,0.2342191939146195
