,station,dist,TR_2_mean,TR_2_std,TR_5_mean,TR_5_std,TR_10_mean,TR_10_std,TR_25_mean,TR_25_std,TR_50_mean,TR_50_std,TR_75_mean,TR_75_std,TR_100_mean,TR_100_std
0,Annandale (WTP),GEV,105.33669760326985,10.21692253050036,146.67037544682793,16.782006430563047,181.1403143893177,26.237889791986913,235.98345588994636,50.21670522878161,287.65187941794505,82.36689412106706,323.27973768638594,109.50526309991518,351.49239419337744,133.7069362609977
1,Annandale (WTP),GPD,140.42435654676723,11.725128654022752,176.2434873615908,19.73569551432074,206.7004424293134,28.14205435135547,252.09479767315435,43.13161846817311,290.8717736096576,58.06899322819918,315.5477312895542,68.52333199442896,334.0238348511388,76.81001888929808
2,Bacolet III,GEV,43.18308193101181,3.6525096533036714,56.81146619257805,7.1746660051280005,66.60287286366938,11.583815607943668,80.32731831544108,20.602004349462295,91.86607270853112,30.809559622090944,99.26666360261676,38.63220061429804,104.87359078291374,45.22499426845801
3,Bacolet III,GPD,48.03875778124886,3.3168074245506425,55.74556365965518,5.5921592879267195,61.640582973046534,7.972344971273344,69.58668779323668,12.110688861906382,75.76421619805726,16.10756911060514,79.46359936623618,18.844910338071983,82.13319341696914,20.9863500001569
4,Blaize (TANK),GEV,64.00287298901031,9.290488825126957,108.85443934697642,19.65784941231258,152.82343077048697,33.96862196638558,234.421730395504,73.04989351893995,323.5323706943148,131.56088421282922,391.42952282917247,185.13984928835072,448.72711346640585,235.53181192306926
5,Blaize (TANK),GPD,152.66227317768414,20.824093835283342,220.08900103312553,42.12323565340676,288.1521410954603,68.97126353751304,409.3133963699975,127.12260533871407,532.8218963228238,197.32327328728616,621.5961673147026,253.44019679796364,693.4644800403863,301.92389415848385
6,Bon Accord (WTP),GEV,58.8091306390267,4.766478166613169,77.77618142761042,8.925382429229524,93.2953731641098,14.368449650304182,117.73141631768918,27.28068064006024,140.6613055010394,44.22189403006216,156.48462966507483,58.52791048718675,169.03968150846853,71.34912871012548
7,Bon Accord (WTP),GPD,77.92417368958287,6.211273092439476,91.89501147287872,9.972971121407104,102.77010276263954,13.684085296495669,117.62061689500615,19.878067103606814,129.26646727467846,25.665035650727276,136.26362090344384,29.54373387023317,141.31767785121937,32.5360031749483
8,Brandon Hall (WTP),GEV,71.86121065975452,11.012663893012352,116.10908856906077,18.527059742513895,152.75716819150833,29.223614076005134,211.15335625627452,58.052470264421025,266.5929119136326,98.46721697825733,305.15167521035977,133.54082007634696,335.8968788117822,165.41095554866348
9,Brandon Hall (WTP),GPD,126.35995362074871,16.848142239087053,178.059062161729,34.36630680186449,229.48550694678445,56.46395989778845,319.7767080037136,104.28778037009,410.6962259001938,161.9961738596069,475.55104609117024,208.1409059915515,527.8178995462289,248.03041694293333
10,Chemin II,GEV,48.882637741031715,5.200932517202391,69.92891994381544,9.989115050950097,87.01749221816078,16.26431250478165,113.81024842015002,31.38606926941938,138.89998995745043,51.38962922815723,156.20710848014883,68.35943207940575,169.9411816319794,83.61411672343391
11,Chemin II,GPD,66.8902906107879,6.441394721226087,84.41346833769781,12.117055097710642,99.48321661398073,18.76679984299926,122.39013089282902,31.84736155340742,142.49462605694634,46.1346766656885,155.58665433241694,56.79088503112753,165.55416165824883,65.59891954208899
12,Clozier (Tank),GEV,57.0212529047443,6.430636491071291,85.47874656411399,12.958555009765128,111.18940200174671,21.836252112212733,155.49150905798774,45.73221920113925,200.76648075323388,82.7304217735687,233.87225095416687,118.68922282858753,261.14320095572555,154.47209635588106
13,Clozier (Tank),GPD,99.80339519554128,11.1976765897982,132.56771662847515,20.970570666555446,163.3677232768903,32.43304858201811,214.30759395986396,55.43156031271441,262.6087799468615,81.19790608623957,295.6479545727118,100.76196987722834,321.5604401887339,117.11108314395906
14,Concord (WTP),GEV,103.80190376010552,7.433310934483753,133.27046601221033,12.877374438674977,157.7210224586431,20.43221649474762,196.5650027895327,38.67355872859817,233.1730735338423,62.263264673237714,258.4366309157827,81.74709945780003,278.4541800094454,98.88425198688908
15,Concord (WTP),GPD,125.29599804127042,11.821732680992097,158.1622410475602,22.075362500231478,186.86300123309468,33.83975638458872,231.01009883859422,56.69131889062842,270.08212529758464,81.45892606429122,295.6209993861871,99.85814809591994,315.09420697373355,115.03137515449282
16,Dougaldston (WTP),GEV,67.7733168503121,5.928194886242394,93.99970995249225,13.094474340558557,120.02354246459394,22.449643276135262,169.00006726736962,47.520034264990535,223.34317245945422,86.21363070110878,265.2727947830114,122.96253871928836,300.975964162368,158.53804272568541
17,Dougaldston (WTP),GPD,89.77712697601298,8.553417515688542,115.23779419491342,15.695442757904218,138.2565447387257,23.98238216036071,174.87429456273992,40.314353601854734,208.32009976987592,58.21740582443332,230.6328933294478,71.58617568858311,247.86026727376506,82.63297972838544
18,Grand Etang (LAKE),GEV,62.324319229759354,7.898514536320036,95.1348428017425,14.31303303568531,122.73553094325318,22.914414977139344,167.20347199551492,44.10677627804252,209.72252617684197,72.10986751381311,239.37012789126862,95.55271663513862,263.0218755366037,116.34075843735246
19,Grand Etang (LAKE),GPD,111.47271494431286,12.495448421096098,143.54763815763135,22.596804699120224,172.25892370937754,33.98277863413611,217.45577941745623,55.93868867504167,258.302198018859,79.67080696819754,285.3523936287496,97.28939455613208,306.1390395850547,111.81669898180876
20,Guapo,GEV,57.44582962295667,7.362533184096284,90.76843391913175,15.824880409412403,123.09997918445625,27.035024671408934,182.67710541067927,57.10471041280803,247.44725158467332,101.88725889611993,296.7109658205244,142.84249193914732,338.25935583918476,181.33796640035055
21,Guapo,GPD,128.12444417779346,17.86987619385765,185.8567970912903,37.45947799949781,245.62937384768404,63.11943790255787,354.9757173270535,121.05717119520023,469.563707704255,194.04835020358354,553.5436416130046,254.26041156242044,622.4005560675531,307.4182764990049
22,Les Avocat (WTP),GEV,90.56080221507642,7.5484588047830785,126.2580489329954,14.229477552179238,157.68347950221457,23.14864251015404,210.08060652979808,45.23185422015636,261.5490159227894,75.24262519280799,297.9883818672173,101.07847494986115,327.3103295013359,124.47831007135801
23,Les Avocat (WTP),GPD,120.35371717624609,9.529959307880569,152.7916068106047,16.389097605499405,180.76380122777132,23.793431773279785,223.05342393680223,37.361744244690804,259.6929499753348,51.24384709462081,283.2356029088669,61.13989214303423,300.97211023627597,69.07949055457047
24,Mamma Cannes (WTP),GEV,100.6576009160237,11.233220404292805,141.386462693123,16.889964000310453,173.99907887678975,25.354347898479556,224.1321983378574,47.24847495237036,269.95046250728234,76.45130594007057,300.9500884818177,100.89096984353763,325.2191128261196,122.5654164531191
25,Mamma Cannes (WTP),GPD,124.60748000953333,13.236504673124518,162.1667117072934,24.08949297339956,195.43321565239816,36.355908904737454,247.24122459760542,59.91257496632445,293.5696643069982,85.15833841664842,324.02976939036085,103.74775680907283,347.3295935254916,118.97975190484642
26,Mardigras (WTP),GEV,82.91024582210378,10.092302983068265,124.21452760303391,17.3551273492871,159.31040421961904,27.344687167036795,216.26745633269223,52.88092310337042,271.0627795948163,88.02710433442837,309.4265088485735,118.32351228348325,340.11578903101986,145.728522253259
27,Mardigras (WTP),GPD,113.94073489933224,12.428586984132545,151.54602445904712,23.410083703547357,186.3846681677453,36.314875126591495,243.17257168373735,62.18125598196613,296.27572979665774,91.10686635500134,332.26592237215095,113.04168503085465,360.33076518703854,131.35912190083002
28,Mirabeau (WTP),GEV,91.42575840131232,7.717003272022766,128.2687243422098,15.659390784380687,163.0426080500892,26.475596145199166,225.21209328724584,55.5208983863727,290.71344026413766,98.59345313449577,339.43526434204557,137.91204314255296,379.9317567892587,174.86436449046693
29,Mirabeau (WTP),GPD,133.8848283027561,11.21136826719881,170.07442985562065,19.264920928870385,200.84662095344677,27.935381016367153,246.73770435684202,43.71563650610231,285.9833626344642,59.71591874595302,310.9853842212236,71.03886311018641,329.72175316911444,80.07643903491389
30,Mt Horne (WTP),GEV,73.16850923374683,11.656514101734055,120.20483745680382,21.26526296178456,163.18395728714628,33.40307872006141,238.1876946359721,66.95080208937877,315.7735497939239,117.43526648278652,372.9059269718035,163.30146058499173,420.1296324803402,206.07724697222665
31,Mt Horne (WTP),GPD,120.93663253721986,14.088092394131976,163.33087814858982,26.94350652672081,202.92732169198942,42.30491568007074,268.0582468424101,73.59151485769046,329.55036182712894,109.09523271059611,371.51714656080486,136.28110384932305,404.39396188590456,159.1235491843904
32,Mt Reuil (WTP),GEV,85.46440981930593,11.73535081004761,129.3005527885574,17.92795763571372,163.21466734712467,27.49915270564557,214.0134951406518,52.48761239018289,259.5081497773279,85.45185121576417,289.9489529912073,112.81877073263225,313.6381983370529,136.9841933749888
33,Mt Reuil (WTP),GPD,120.48777375628089,12.198665862450483,157.0965874736001,23.65762249122082,189.24603809516108,37.45879964066079,239.10295302521882,65.49677414931523,283.6922364664528,97.25749067125224,313.0911369027976,121.63395088304864,335.6477192011638,142.19603844925868
34,Mt.Plaisir (WTP),GEV,98.43336778518332,12.221724169938437,139.94433218589427,17.252455289261693,171.00611622618726,25.295958013104997,216.1104847150956,46.298705342958016,255.29922209529704,73.32400047607821,280.9830967792101,95.22485260567211,300.70705227165075,114.23062176447482
35,Mt.Plaisir (WTP),GPD,127.75192614854677,13.072319318774602,164.46579305348018,23.08886232377903,196.98499384349472,34.11746138428839,247.56234208539584,54.83366483725342,292.67338992721636,76.60315837370591,322.2574795250639,92.42504766944532,344.8425245123116,105.28156544065197
36,Munich (WTP),GEV,59.92843695702568,6.569347214700865,87.95007538301023,12.684586838961904,112.14697374118477,20.969929896578847,152.1123159390295,41.69570611928888,191.26771703570276,69.88961384300987,219.03358033628848,94.12023107529548,241.42794280749874,116.02494324105503
37,Munich (WTP),GPD,88.20470111651807,8.330558507943291,110.76905385277685,14.68811964491291,129.99178236988948,21.691139382019227,158.7872051573964,34.69940132459234,183.57953495389842,48.14168476707876,199.46873058759644,57.77954562657755,211.4285803714265,65.53829442260182
38,Peggy's Whim (WTP),GEV,96.80505973652754,17.25823005332633,165.86040600126572,29.725364702839936,228.12083862148523,46.14443524195942,335.2808647789954,91.94843605987178,444.54738410714106,160.12359911485103,524.1762372178944,221.53356602836567,589.5406590593603,278.5449919963526
39,Peggy's Whim (WTP),GPD,149.00125985373646,18.239225946286457,209.40990319315003,35.70653245225116,268.70123238287476,57.143793020769955,371.18347922298994,102.15716804668997,472.6324497360825,154.77885443405768,544.0852242724054,195.8814475086162,601.1770932928655,230.85024268147794
40,Petit Etang (WTP),GEV,97.26902087933563,9.758708192432529,131.31403193601275,13.892181979560139,155.93206983640025,20.65960479996087,190.36079655455885,36.57319620395732,219.0661918680201,55.51823005993583,237.313662990694,70.17842404114025,251.0426684351911,82.53120492380059
41,Petit Etang (WTP),GPD,132.5526011929639,13.24702928285431,169.15878137797543,25.052631013936008,200.3739346121108,38.69740254379201,247.36571107618872,65.07344227960564,288.1752694600468,93.33823677453753,314.54397686559963,114.11190491226971,334.5150249954567,131.1062889936555
42,Plaisance (WTP),GEV,56.84001937499898,6.645195204589967,84.98083304650746,13.135762117040674,109.63074797493039,21.75679837194818,150.92682792019994,43.481173200437354,191.99197156377468,73.72181515754329,221.43664097142627,100.2401506020783,245.36731780649507,124.56001884400717
43,Plaisance (WTP),GPD,91.05109093411231,9.661023591748023,118.80978671811164,18.424351352879082,144.1317624757855,28.78731436618638,184.83891942662981,49.607527382236526,222.4553518467147,72.93143548901111,247.77078536177308,90.65087029873047,267.4326205152494,105.47312275827431
44,Point Saline (MBIA),GEV,71.74954191180291,3.7476327055550454,97.52727908678128,6.805818905966467,118.0410380748368,10.964643752704488,148.97002007536707,20.477129300689406,176.39372635664998,31.945064783233473,194.44768586792517,40.92184848118663,208.2961797926921,48.531323039942485
45,Point Saline (MBIA),GPD,81.35959330971156,4.1592016556552425,103.49576628457655,7.519617096597085,121.93444547534467,11.312226151576096,148.85550460267734,18.367563251066148,171.39189179981204,25.570378221764056,185.53858729689819,30.662848574391386,196.04031694576847,34.71774808477075
46,Pomme Rose (WTP),GEV,83.71883034704668,7.496895810974672,109.6728851813785,11.345990086797967,127.73695679963986,17.564715686622204,152.2373470347836,31.33287490802001,172.1385306882263,47.207938745531905,184.59548188881348,59.38348059278668,193.8859031736287,69.62865060489096
47,Pomme Rose (WTP),GPD,108.98443190557053,9.956422216017252,133.52640047477243,17.246783039253106,153.29989850353593,24.887745265614356,181.31294897231137,38.34911737437713,204.1444945008897,51.574069299037916,218.24424866246275,60.74318063677865,228.6121435722231,67.97137783602052
48,Radix (WTP),GEV,60.315854794857515,5.506807764832585,85.20355789152524,11.724662946325338,108.714177228437,19.963858372542077,150.93259976032962,41.66502004639055,195.71884575339905,73.75813966370598,229.23198464813368,103.12163317797527,257.2091390198961,130.78018257448628
49,Radix (WTP),GPD,84.00342827092115,8.332609666174456,108.3838884763503,15.873238107474537,130.8377029152452,24.907493188338954,167.28869378773513,43.311673656576716,201.2995773476599,64.18489246297933,224.34109017770362,80.16407238961742,242.31312208553092,93.59127358955298
50,Spring Garden (WTP),GEV,73.72954196949472,10.962383663505879,116.21737215150219,19.77598974681255,151.77434370560303,31.88521362481097,209.17485101761966,63.75306988746091,264.543930130536,108.95590074119198,303.56308703561143,148.97023536561142,334.9755707099918,185.9433481943626
51,Spring Garden (WTP),GPD,123.48640959292183,11.77663343314904,153.8791227887252,19.86608921675707,179.50057016272854,28.394773099396204,217.40141126801248,43.67854959197767,249.5720263098858,59.0028700907874,269.96905383546334,69.78524305504351,285.2104124871154,78.36635414808137
52,Tufton Hall (WTP),GEV,109.98207055611573,14.614689833688878,161.6394229793907,21.021844153573745,201.5474459374078,30.769182767395343,260.600454853204,54.88686773866137,312.42030408281585,85.61023502886968,346.45643014265653,110.50507113051219,372.5818467731459,132.10402906672286
53,Tufton Hall (WTP),GPD,159.5876586387952,13.768233662390386,197.9139396519745,22.841580518005305,229.53657328386413,32.167615994408905,275.27182016051967,48.43854059266642,313.2051234300184,64.31963630214413,336.8687810189828,75.28350160563905,354.36673029326823,83.90077619088346
54,Vendome (WTP),GEV,111.88275384272563,11.90086791794573,155.49529722176393,17.926727353257977,190.38211779345247,26.79091978946246,243.82127675953666,48.91802365721499,292.37988058221725,77.65097643954729,325.05697331677794,101.24107014647193,350.5336991391564,121.86821856535688
55,Vendome (WTP),GPD,143.28129319898585,12.165439164758318,177.6899205971802,19.819884157454283,206.41422215593585,27.64639722950944,248.42945958202216,41.26561049344542,283.65235447857333,54.53401324665965,305.7793225203294,63.68248183997762,322.21125515015933,70.86634059071636
