date_id,n_recs,LPPD,LE,gE
20220803,25,-3.9601579031882244,38.679975682564766,1.0924056436558511
20220804,25,-8.772214524950428,31.3967387922409,1.0073493840396206
20220805,25,-19.570952222460456,10.698970024203312,1.0152020343953225
20220806,25,-27.858886011801477,10.885404551363571,0.43329797391985664
20220807,25,-18.388626880481652,16.35556417390816,0.8839649565647287
20220808,25,-18.992352414341486,21.513083295557667,0.7422881012760233
20220809,25,-18.166173554495813,18.000891146797844,0.8777594780783503
20220810,25,12.400148483564617,199.28918471125988,1.068016983403893
20220811,25,1.8875608056321695,83.63069773233602,1.0711275394884494
20220812,25,-17.818061354391542,22.215829111307503,0.7959669088333445
20220813,25,-20.906727191520602,19.45082584702784,0.585792192147419
20220814,25,-17.077331860984053,34.82311461244693,0.6357550135677036
20220815,25,-23.94756383361287,12.859738544521123,0.6293258118035366
20220816,25,9.26447952917939,217.8414767959366,1.001909752402591
20220817,25,-20.11470156169898,17.533852796925625,0.7228124221130252
20220818,25,-21.95250609447819,14.493480113967475,0.6784467584657168
20220819,25,-17.831054135644358,25.41561798764577,0.7765350206665618
20220820,25,-73.09639674075267,3.538575583033091,0.3615804508204663
20220821,25,-37.141289316124634,6.533114691588055,0.32450256681230166
20220822,25,-39.80599871190352,6.378356464751298,0.36046073987465055
20220823,25,-23.693855133044124,14.6012499793483,0.6060360145875588
20220824,25,-23.973110648109433,6.807428645132447,1.148739919381694
20220825,25,-23.49259511641454,15.059799558821434,0.5490786837227606
20220826,25,-25.289368367214532,11.898821521841555,0.5215525435397901
20220827,25,-6.38994169455011,44.91241701664566,0.9980105826932429
20220828,25,-4.830391127176606,74.34928259005534,0.8970983530306681
20220829,25,-27.972220555395328,9.485459125047546,0.6058797471628719
20220830,25,-28.05119617348224,12.639133344942744,0.2154216023207188
20220831,25,32.885593199431,316.4483324436161,1.366381343462489
20221201,25,-18.262818886502963,31.46034505711774,0.6465054071241502
20221203,25,-20.68266459442063,20.844891962226242,0.603111492938507
20221204,25,-16.31522138553108,37.74498073228511,0.6605036910395218
20221205,25,-25.46948860464618,6.093020338426033,1.0266958764111849
20221206,25,19.617661720418983,449.66816687079364,1.0465971981360438
20221207,25,4.943919521158783,197.5526118675842,0.9794842315738883
20221208,25,-0.2237962568061853,141.49268826004214,0.8805889860385041
20221209,25,6.013023805350201,237.25855322772358,0.9457709706018126
20221210,25,13.877090251664388,374.6484390232879,1.0050474256089839
20221211,25,30.21810525518121,820.6612960002767,1.1248127665455974
20221212,25,39.5230727004589,1279.8797690599408,1.188484049295946
20221213,25,-3.3881113593748635,28.08514371817189,1.227205615771534
20221214,25,-36.84036490999266,5.82655221765275,0.4146490497616904
20221215,25,-10.971621933805773,29.652683936553355,0.9941391528989134
20221216,25,-6.723341346720457,47.740128938387755,1.0145346292130182
20221217,25,14.923004662216613,54.4101224725035,1.447514938098995
20221218,25,4.550194269980732,124.83190993175732,1.0292080477419883
20221219,25,28.803818957205,784.9370605712459,1.1291761661454438
20221220,25,-2.4019289468067164,61.006776916479986,1.0205052992299035
20221221,25,-11.621350616244214,20.50449093326805,1.0807789261604386
20221222,25,-17.578280892859585,29.83502713497944,0.6338705312650493
20221223,25,-54.17699793772752,1.7440935514367182,0.7560626591413973
20221224,25,3.9883035300275047,42.719286759661436,1.2894105966965967
20221225,25,-14.77648391549745,24.17507552602416,0.8880483144772668
20221226,25,-7.416327880717202,51.38061963631608,0.9255005614242489
20221227,25,-16.564984527651472,34.09747938081839,0.6817939305489986
20221228,25,5.852076509712692,117.22271580352296,1.0430817966244084
20221229,25,-47.138585997191186,5.5271782900893776,0.5308586862654167
20221230,25,-24.097844185981867,11.258882685821675,0.7842275371682664
20221231,25,-8.414015161858343,35.59212305185506,0.9766404360928528
20230501,25,37.701464164116516,1907.231455970581,1.0982270064535289
20230502,25,61.8405065598387,557.3818943943605,1.5985570955323178
20230503,25,24.27060104816685,303.4991923289815,1.2049459126561572
20230504,25,-2.244335721037257,60.44117587567582,1.0070237259604542
20230505,25,139.6770797783011,57766.24974748432,1.8395062465996064
20230506,25,41.33011764715185,533.566917396719,1.375407338169801
20230507,25,139.75711720291804,87905.4831431749,1.832580721308624
20230508,25,139.71179688380258,62680.92734010323,1.834779753309609
20230509,25,46.37124229063075,1535.456878966771,1.3196069771383738
20230510,25,52.75169998578565,239.23895769751783,1.6282078946669345
20230511,25,24.289717359868423,416.81826777932713,1.14220848768483
20230512,25,27.34472437472054,322.45856469235287,1.2157429042643473
20230513,25,86.57850454834032,31440.47241301904,1.2573195674369022
20230514,25,62.73784882657853,1369.519638661393,1.4812889536437037
20230515,25,70.63980478608353,9333.363223739696,1.2790722628052726
20230516,25,47.04998772044242,1811.6268895419787,1.2810258475030656
20230517,25,-5.034735814383805,87.15415396812976,0.8740734945334715
20230518,25,6.816900812441084,99.87206895644007,1.114520660978442
20230519,25,-18.858550136825738,10.3979140430191,1.0827036345488892
20230520,25,-37.769186548168264,6.860877801382189,0.342660289155287
20230521,25,-48.49328345412265,2.968737425083601,0.7295234311269935
20230522,25,-113.11832989690548,2.536948803293857,0.2606632294112818
20230523,25,-32.23230162344355,5.170437616008785,0.7252633815911923
20230524,25,17.811688952389982,310.9285865343212,1.1011001283149413
20230525,25,2.406970483333808,102.67921130778117,1.056634668187087
20230526,25,32.50369361749787,177.97009435365356,1.4499484883049683
20230527,25,-5.3117009372870925,12.129292836464334,1.5240867739484187
20230528,25,-14.32059585897786,34.196755659477056,0.7588325359936482
20230529,25,5.073004943283983,99.46706655644356,1.1023188174247338
20230530,25,-15.618181510550173,21.139683788454455,0.9084156775776344
20230531,25,-16.1660406413747,26.42733954656048,0.7934200431973165
20230601,25,-26.012653328299304,11.665987292821908,0.5128044995093758
20230602,25,-47.053423071217466,4.282154375123697,0.44643944889567927
20230603,25,-5.723410675741426,65.72203382958291,0.9185313368211449
20230604,25,0.6038945647631024,44.9068972641472,1.1966027563917094
20230605,25,-31.80490497756735,7.544920980273536,0.5711929640348118
20230606,25,13.958066975506231,152.38701510930125,1.1782863996114237
20230607,25,-0.697759298487207,70.77195107846309,1.0267037860864527
20230608,25,10.333877757505242,132.89927563913477,1.1341252138357232
20230609,25,1.4097376715505394,66.64300987179958,1.0928665462289682
20230610,25,-7.745456858311428,42.00126492092559,0.9870484433535313
20230611,25,-15.708551513024075,23.933336557385985,0.8321185444050032
20230612,25,-17.828916030111124,16.291818499607405,0.9167587560872335
20230613,25,-18.87106136190105,20.659360621945638,0.7465436161344201
20230614,25,-19.887135845053056,12.654258346791838,0.9422969852203439
20230615,25,-27.088826886190052,9.010219335419338,0.6554146718223463
20230616,25,3.6258693928003716,73.09613044442963,1.1231614251242463
20230617,25,-16.81868708644353,12.929980763131175,1.0936466195229686
20230618,25,-12.019669166455497,68.97335137856246,0.675928663805227
20230619,25,25.879096996639785,585.3545024015576,1.0977540616455967
20230620,25,-2.953962848292143,49.51868836342704,1.0741781274898494
20230621,25,-13.207197769256592,21.353060014127735,0.9962574561413129
20230622,25,-24.80160467104942,4.961447869660242,1.655080684458269
20230623,25,-45.352945909137574,3.805572961862886,0.5192300861520263
20230624,25,-38.550620719714274,6.21297952882915,0.29858325522093143
20230625,25,1.3402057418355344,141.53853313672215,0.940750637006106
20230626,25,-13.922187192191963,20.228314304756992,0.986190633419481
20230627,25,-37.9844402312014,6.840647964556447,0.2674389706830205
20230628,25,-9.134261530846747,41.50097663254864,1.010056514406874
20230629,25,-7.740940516262083,26.87126555459351,1.09705434001405
20230630,25,-15.393751276745023,11.846292029960917,1.2404783873671632
20230701,25,-28.351719752254688,7.468450980249532,0.9966060340428337
20230702,25,-24.439904046164152,13.940372529785492,0.4945745904828431
20230703,25,-16.446167829561404,24.071071153996783,0.8072007303962985
20230704,25,-56.509568507692734,4.744233186535754,0.19620526497417018
20230705,25,-50.32809588040023,3.201520285688237,0.4987679404412319
20230706,25,15.727738024916764,71.3705887309038,1.3809035895586497
20230707,25,-3.6141681777659675,60.429960380929685,0.9968062867029496
20230708,25,-27.3469605509348,9.184644339404873,0.5600257001056504
20230709,25,-36.96334375797781,8.250338904333002,0.30630630027874667
20230710,25,-26.281190177360553,12.393583008864342,0.36730804280557555
20230711,25,-17.86206324306611,27.476373795801084,0.6415937811181459
20230712,25,20.776802741473396,295.7010863608667,1.163452681733476
20230713,25,-22.884333904175087,13.607892120771936,0.6644283147071841
20230714,25,-38.17932865842678,9.103703808288774,0.3092752152599077
20230715,25,-190.67925521994943,2.6766301720967887,0.34023381635703664
20230716,25,-130.81826818161255,1.8949760866644065,0.6444555892687182
20230717,25,-27.501606334533594,11.31794630423534,0.34726975078307004
20230718,25,-7.238096061568218,39.81046886803165,0.9889286990572375
20230719,25,-15.357115720152382,24.554655929997974,0.8873528206368715
20230720,25,19.662054201914675,329.2599112233911,1.1564571056485833
20230721,25,51.88342557502533,617.3230902231168,1.4548591041842274
20230722,25,55.45875476549158,1500.9544980753797,1.3670454931177933
20230723,25,11.724728139058708,103.80980938372028,1.2265687815211153
20230724,25,-30.444300578129678,8.362050031066564,0.4080166735148691
20230725,25,-42.20590649614638,5.431798303415029,0.4361912437901344
20230726,25,-9.068539426585328,48.58660572909368,0.8813910083887629
20230727,25,6.762988325600642,81.0970226929808,1.169187616662195
20230728,25,-1.2778406661238941,40.670656750909906,1.1712955428551322
20230729,25,-6.284209477349478,19.921355075490254,1.2755875741074978
20230730,25,-50.86597133350055,4.271040891278618,0.5357680330705088
20230731,25,35.42693930917112,701.0592940000296,1.2174687213146405
20230801,25,89.58939886474161,53.33681518213969,1.991454790700002
20230802,25,10.45940225102704,85.78321566557668,1.2455916636008857
20230803,25,-24.652042096647243,14.330649815701836,0.44483211663548555
20230804,25,-7.857570653763218,39.76247734233773,0.9756001020109593
20230805,25,-6.512796903659817,20.668515444198928,1.2599133797562936
20230806,25,1.3315004170149205,143.47655983961945,0.8991430770912316
20230807,25,-6.422677853650039,50.99675015272805,0.9698357918218323
20230808,25,18.17008986496644,403.25529595928225,1.062462735434063
20230809,25,-57.627912826582474,3.350416385687434,0.3625070234500105
20230810,25,-45.10300272956887,4.426668373363544,0.375629985675978
20230811,25,7.664532653565518,106.81249510680024,1.1245536090106976
20230813,25,-29.122907388436968,9.698084198633866,0.5577087087279544
20230814,25,-22.383493648845615,9.482480470091728,0.9025509001354337
20230815,25,-7.605512567956669,56.111417058878104,0.9005929127511527
20230816,25,-26.015829502195476,11.914221465050666,0.524381938220109
20230817,25,-29.77361033057549,11.940801412166797,0.4398141245554655
20230818,25,-30.634989211593954,7.6418028261456605,0.4614702754470361
20230819,25,-35.14896816695146,7.021655362313084,0.4330080032153553
20230820,25,-22.99547560559068,12.191140634260574,0.7295839523306233
20230821,25,-20.96845703509811,13.55423545413386,0.8480653822658641
20230822,25,45.658322170641554,973.6161542443956,1.2974095749570356
20230823,25,139.72094936141073,62928.35795197183,1.8353985148027445
20230824,25,139.73542631470048,66897.84391295353,1.8308042361380468
20230825,25,42.534599815435,325.1498649154038,1.4824915470641018
20230826,25,1.652164711165062,86.26181225758118,1.0867640000939585
20230827,25,0.7391335397536345,73.34226500018103,1.0692446578038903
20230828,25,-7.943328075296517,31.54502973195518,1.1067947247427794
20230829,25,-32.35230626719459,8.296177603966141,0.3155700377309522
20230830,25,-36.28761276004684,6.812767167534574,0.3151906933698391
20230831,25,-2.9328948522234635,38.48386105141414,1.138371602353588
20230901,26,-16.233887254063777,28.267547785519056,0.7581358258139923
20230902,26,-11.760163088996215,9.701727035729265,1.4482656606124786
20230903,26,7.06806719336323,123.1736261003503,1.0676889927962738
20230904,26,5.555272090143308,39.75147206501313,1.336981735951975
20230905,26,4.216155704860643,47.42857365055045,1.2714760691860467
20230906,26,2.127027332825943,137.8904818929939,0.9931074916461812
20230907,26,96.84430898400448,10978.094639722794,1.4724288142455524
20230908,26,3.0550389199427137,147.52066999838274,0.955526967674121
20230909,26,42.77662183855742,373.4318435165273,1.41849986554488
20230910,26,39.31992440459355,218.2542513905319,1.487300047215452
20230911,26,12.715159038924092,214.49822006214683,1.048804554238436
20230912,26,12.21606271519246,212.32180941486448,1.076222491823265
20230913,26,39.192988108792775,2334.116095221007,1.1221365880513172
20230914,26,99.89924194964514,4600.628105144715,1.6044703252857324
20230915,26,9.534035164304868,86.39318670024298,1.2550156152622858
20230916,26,-12.82656506031846,31.1911240698768,0.9549077884300116
20230917,26,145.70153372066974,69210.34590248151,1.8372083242772292
20230918,26,145.71645011356557,66926.04597796436,1.8347450326469819
20230919,26,145.68471287920391,67271.29142822244,1.8366838729853325
20230920,26,-2.882199539611916,12.979863114008344,1.5974310440610986
20230921,26,-36.59482989416095,4.643548546225828,0.5969250302741773
20230922,26,-12.184911421644099,19.246015038613017,1.1227478925971062
20230923,26,-23.898899461189774,11.78065595312125,0.7697322693964382
20230924,26,-20.733710614236827,23.06058236244305,0.6142649068468117
20230925,26,-17.49643303354685,8.854416610585703,1.325322574316711
20230926,26,-13.212330612580303,52.993157711827095,0.7376932307570845
20230927,26,26.715746500737087,162.0127324222364,1.3469202324971778
20230928,26,25.222227620040638,214.30702472441521,1.2801421077978883
20230929,26,-7.502133205153075,84.7138350313646,0.7938644390114373
20230930,26,-25.709832838161045,6.2882829516981165,1.1422430165242818
20231001,26,108.48123259064276,2017.3917927976713,1.7613018386914958
20231002,26,-4.884895515000104,61.51761747053954,0.9588757312561763
20231003,26,-21.854627250944294,20.535395538511825,0.5722602103979261
20231004,26,145.69907272702306,68612.21397327248,1.8325868319952887
20231005,26,-10.082532609970324,24.642107302597854,1.1002166559169002
20231006,26,-27.92318498741606,9.08367288827083,0.5804525950721161
20231007,26,-62.85364597069079,4.554323720991458,0.45212859268924305
20231008,26,-0.9221961842906286,98.75204024446646,0.9321501033667968
20231009,26,6.096483140409983,119.86320051852681,1.0688100264565046
20231010,26,2.4915725492992777,167.64862323307995,0.9209682102437048
20231011,26,44.5926621297168,905.3676557514549,1.2813169844795302
20231012,26,49.98145160410317,7930.810105282793,1.0181123903842848
20231013,26,29.811177576548577,574.9062627926802,1.156224499000507
20231014,26,49.52281846014165,1452.5328677044427,1.2717244849482714
20231015,26,13.27169348852166,87.2615577187917,1.283437228572185
20231016,26,14.077452621775851,293.3453433263815,1.0407338412867653
20231017,26,2.702857327876755,141.96844449193964,0.9879122731667832
20231018,26,-6.2776253825292,70.22594929577622,0.8819037813713351
20231019,26,-10.332615173362477,45.95710362670999,0.8952691755230867
20231020,26,-32.04311464702084,4.8657069802975,0.8053791858615598
20231021,26,5.92539811039083,62.00772080906366,1.1922400295648883
20231022,26,-132.1871676967138,1.45800617895498,0.5297619672736368
20231023,26,-28.591099487693405,8.800090772075349,0.5471727011439462
20231024,26,-11.122465297190534,52.13616118284863,0.784667190843516
20231025,26,-37.50636818218693,6.360371174686294,0.35258620926725026
20231026,26,-113.19750272616093,2.515291655198912,0.5991986262324558
20231027,26,-32.29929130677036,8.921806298599186,0.3640510717051861
20231028,26,-9.04676951355764,44.8504297190291,0.9430655420457081
20231029,26,-30.675112943584807,6.4104946105163805,0.6774152499003305
20231030,26,-21.99933945523762,15.122010368055147,0.7333244333126202
20231031,26,-6.231476775794972,57.0114803913711,0.9344062496963743
20231201,25,2.5126920642375676,132.8560425319132,0.9429150554796063
20231202,26,18.17034470233355,1189.7460979727935,0.8777167870055955
20231203,26,14.486579014170857,129.51237932052837,1.1877428442999731
20231204,26,-13.000582123213832,45.90728306773938,0.7526788722394849
20231205,26,-13.640077205602772,29.078072469837696,0.8830058264241392
20231206,26,-16.540496762377586,16.169320770941795,1.0443081408429506
20231207,26,-48.76213740376835,5.0282613294338425,0.3008459396578635
20231208,26,-77.05157683409581,2.0317055213758457,0.5105613942272099
20231209,26,-39.372553070250845,4.225656801022834,0.6014164674577432
20231210,26,-18.30013817374071,42.1315935692801,0.5770609774249479
20231211,26,-30.570504533629343,9.198002331611818,0.4105942717110981
20231212,26,5.318039995199779,180.4713311098448,0.9688736178004138
20231213,26,-1.5271000907378003,38.62925441015983,1.1652033014970788
20231214,26,18.883602540735314,1027.1908593960657,0.8827785383322384
20231215,26,-15.615344258746664,36.80521201600045,0.747058877969967
20231216,25,-19.283507191952083,19.214523872057427,0.7452598251018668
20231217,26,-27.161925760031817,6.896822133569568,0.9257667314849902
20231218,26,-44.46571786396483,3.9745286713655026,0.5572840531060481
20231219,26,-250.32311095151934,3.5219231582863797,1.0638675372283377
20231220,26,-109.92150525236896,1.338099986131142,1.4534573951153529
20231221,26,-36.231053480816826,4.264487130796855,0.6432833693932725
20231222,26,-25.48703995345704,13.321465841579668,0.5592333572288356
20231223,26,-30.453338623058368,6.6607427981138425,0.6881857182890917
20231224,25,-15.28760495581268,5.152135065308224,1.8219296711029642
20231225,26,1.5488876289721851,155.4335192890588,0.9069635128916629
20231226,26,0.293300295659062,164.02874050599686,0.8713020973489395
20231227,26,60.04896397090222,1251.0766045407042,1.42959509368312
20231228,26,-3.89236265341973,47.339141795537216,1.067597759954214
20231229,26,16.77555880068515,137.79107959654118,1.2300321147535738
20231230,26,-40.04255721171442,3.534214024556568,0.5948726991024234
20231231,26,29.130800383238135,524.791989074027,1.1735078216027919
20240101,25,-22.52992544638608,15.971863168663367,0.5587000470504541
20240102,26,-23.508414075605472,14.445540201599103,0.6760096647751266
20240103,26,-39.8102862370698,5.048726166084378,0.4478830097945056
20240104,26,-7.378933205236801,100.91084860621763,0.7583056435683468
20240105,26,21.78066624709249,529.780959395498,1.0834650207234253
20240106,25,-20.606229026036157,21.383348621733898,0.6230639064310244
20240107,26,-12.781767581138507,35.20043026789361,0.8610097771713421
20240108,26,-14.050704878867286,17.49351903970302,1.0762306852488135
20240109,26,-5.878600487358386,55.55241154797071,0.9460310852472056
20240110,26,7.055478268084766,55.24659149452114,1.2517876677281596
20240111,26,-3.498698987095178,95.9939387746666,0.8943831919725995
20240112,26,-21.816316899709438,20.225992360078664,0.5966792157105256
20240113,26,3.4744188849557016,67.0579767870002,1.1530581500962853
20240114,26,-35.34298495071242,6.120351106231271,0.6408501655423066
20240115,26,-35.2892557051475,7.573324610786462,0.36559712237491215
20240116,26,-12.096712364896062,28.019277307430087,0.9563915254184854
20240117,26,6.4767946543574855,103.39482051706639,1.0887674200263506
20240118,25,-20.56502351198563,19.381307772948617,0.6423434767971594
20240119,26,-18.934536863329814,26.01622652967173,0.6899651190524366
20240120,26,-17.24028864939535,22.551844752130993,0.8273030849463563
20240121,26,-9.290240173611643,62.02798562631588,0.8246384069409327
20240122,26,2.7625739095675907,57.80156820902876,1.1458820031159078
20240123,25,-4.626433059645265,97.80661018398587,0.8600728506858522
20240124,26,-10.398583737857916,40.49181901779076,0.8990153829895143
20240126,25,-8.318945634241848,50.32273146130996,0.9277647579013055
20240127,26,-6.049510778554393,71.2788625520434,0.8737423112142794
20240128,26,-8.66761985456706,22.645162059674753,1.1551439749199572
20240129,26,-7.818657603777318,77.72776403350501,0.8147818217698334
20240130,26,20.63362056979834,213.55043407261408,1.1887693802391055
20240131,25,-8.922686388919967,35.76211102614876,0.9955941806522141
20240201,26,54.64212712137483,12022.496734127022,1.0371146171283165
20240202,26,41.38242862896452,962.4978820694264,1.2501411154268045
20240203,26,145.72329004568692,64317.918285635795,1.8340477350255133
20240204,26,96.94371033744865,6956.664307474532,1.5239628094552764
20240205,26,145.70191981186932,103517.8634185489,1.8351033451763752
20240206,26,89.0361806199349,10828.213266530058,1.4628802561369085
20240207,26,20.55450057594275,353.6665138940423,1.1130325874475901
20240208,26,30.96530017159232,180.01804969186196,1.4177177234836562
20240209,26,43.70717379063802,615.3864291956668,1.3603658109882613
20240210,26,145.6499196836077,63336.11634037475,1.8369486038589575
20240211,26,145.69211996187224,62648.18498915562,1.8336074143927006
20240212,26,32.69503024475381,1544.1830361083487,1.0418930058743068
20240213,26,-6.839791389171454,81.84806816889494,0.8305630053410906
20240214,26,26.32123612836725,156.27842325867468,1.3495979201003327
20240215,25,31.29460009504911,1459.6401177449807,1.044103858449524
20240216,26,145.6991768907519,61239.16726923703,1.8353982650970615
20240217,26,104.18496852101121,2171.334782901091,1.7153966739222888
20240218,26,145.7198184748344,88912.08250528335,1.8358219646552283
20240219,26,23.54897482031079,1323.0235135260805,0.9338901261698026
20240220,26,-11.864464465260742,31.54454347820444,0.950110358447256
20240221,26,-0.8217560472531185,102.49437025880644,0.9552261510763815
20240222,26,1.0828107789853867,362.42468944364,0.7331862048547263
20240223,26,-1.891580455884272,207.1155055924527,0.7641547884389196
20240224,26,24.67027250118301,747.7048072668924,1.0265280791975093
20240225,26,54.55991080208672,11791.3092999037,1.0496803229072111
20240226,26,145.71042197753803,60864.19148777641,1.8340802225429622
20240227,26,25.41934992495933,234.69042642043792,1.258199215025605
20240228,26,-1.0425005443685782,70.58405281990731,1.0356909368326122
20240229,26,0.5823351377285881,37.89668926494995,1.242044620091256
20240301,26,5.75432588443363,427.8189149436739,0.8705105403065719
20240302,27,44.25035288643126,445.8259137416062,1.3675759442917286
20240303,25,-12.734596976756354,33.88785929501714,0.8625764888788724
20240304,26,-7.624693242292348,30.30330975221271,1.0832007422227983
20240305,26,-43.170019464568625,5.927208466420297,0.6140157404636756
20240306,26,-9.921968457328159,62.1195278863101,0.8137058940063371
20240308,26,10.68951294601824,544.9399222595309,0.9624028719161347
20240309,26,39.157909447741346,835.2512569472648,1.2303690512580108
20240310,25,47.12623227919012,4826.792883584974,1.0787102489343598
20240311,26,34.558153543598124,808.646793388953,1.2025589902179932
20240312,26,13.223686086790167,215.99644041567404,1.0652218653006562
20240313,26,0.20832599297422938,95.17732563495201,0.9647769243586828
20240314,26,-8.811824022009901,68.80338634428927,0.8157844761660917
20240315,26,25.32555564675432,679.1181202381271,1.0771213678369882
20240316,25,139.764720585328,72401.42829168646,1.832633272608517
20240317,25,-17.36757910969488,33.65459826702455,0.6326697047091561
20240318,26,-2.9195246265520423,98.40453744254114,0.9090832681635572
20240319,26,-1.1656930527232392,142.10062725564237,0.8615831466154891
20240320,26,51.96535512430545,1652.201834826776,1.259994675106746
20240321,26,145.69152760455827,65102.31091053586,1.8268723021502518
20240322,26,6.214690782264533,115.29879504543722,1.0605604134196556
20240323,26,-19.67969158540328,26.261751326702672,0.6615240847176532
20240324,26,-0.29759130577710824,105.78667563678812,0.9488300352850159
20240325,26,32.290949860177136,1214.6604535724139,1.0487762871216022
20240326,26,47.49598060165103,1202.3894396309302,1.2704730225692646
20240327,26,27.062754915477644,400.8601495186945,1.1804470230259791
20240328,26,-7.525951175336798,63.14639437540674,0.8744173511955395
20240329,26,4.155818893211084,86.7807233975821,1.095998812561516
20240330,26,23.456706037250115,442.2303965456695,1.1314773315035622
20240331,26,4.713160759854894,156.15622957594954,0.991584209418439
20241101,25,-24.005478477942397,9.234784727873448,0.8209744364918203
20241102,25,-12.369802571310341,23.743509239718687,0.9878720301497077
20241103,25,30.955946419183615,1518.0718605057714,1.129539963049173
20241104,25,-14.136999066755187,32.52685479399721,0.82228697170742
20241105,25,-31.055110421431674,8.677148870075758,0.46236813567805246
20241106,25,-17.6846019745103,21.830384139124728,0.752472361555592
20241107,25,-10.277873432555557,21.774868165052535,1.1120862078601303
20241108,25,-85.5453004750192,1.436002009013193,1.4719793095794271
20241109,25,-289.32832608988844,3.2976676806214487,0.38797390678220134
20241110,25,-16.779093727146428,27.968447056898977,0.7398068920569764
20241111,25,-91.80760840288602,0.883597733628214,1.538669085951432
20241112,25,-166.20584531932332,2.0438293881294856,0.6749883198417048
20241113,25,-262.6222059008376,1.5792842210509062,0.3419602519782459
20241114,25,-24.94833438100485,11.85943488898556,0.5877079804317762
20241115,25,-37.722432679080654,4.010760984017601,0.6972836507665343
20241116,25,-8.500379798035803,27.658012696508123,1.077975166938849
20241117,25,-34.14941521301772,4.25756544499973,0.8323775093422692
20241118,25,-119.5483312371692,3.927241592073915,0.5359061018677748
20241119,25,-201.29229200854053,1.6112111834839127,0.34752474697836716
20241120,25,-26.78043984908226,7.738794955214938,0.7122574255842706
20241121,25,34.544328467477925,1125.6707825804976,1.1401764937565424
20241123,25,-26.892741447552126,4.942974774235418,1.0728224295623647
20241124,25,-27.20148497053447,8.014052999300915,0.7199797943788927
20241125,25,-30.629305293679387,6.751066425140636,0.5608299929995935
20241126,25,-16.5153908282922,20.744784179976392,0.8864784494732592
20241127,25,-32.699623072709336,8.0928720797456,0.6929000136611296
20241128,25,-19.91286977125202,21.43501377948843,0.6587995239575216
20241129,25,-26.608737726906984,9.20987062660286,0.7663423853285775
20241130,25,-35.73898370718292,6.911507367811784,0.4175781389014087
20241201,25,-29.701662889234175,3.7580825323338996,1.3959961025305478
20241202,25,-1.1493678772291762,57.42118361219122,1.0598978843384905
20241203,25,-48.73259042419494,1.5105450509849803,1.2740603674194317
20241204,25,8.754286458615105,260.6284502011681,0.9490695530671394
20241205,25,4.853387126476983,65.4524306467511,1.1715567680105246
20241206,25,-16.971075049180136,14.833672407324055,1.0042862171654485
20241207,25,-25.603659454881033,13.430155920109389,0.45081390153788853
20241208,25,-19.53710470424721,14.017740615122266,0.870315117869047
20241209,25,-8.559362649266628,29.55898038680942,1.051323379446284
20241210,25,9.971950260794408,268.7205150477442,0.9906420476493657
20241211,25,-20.20326568170252,14.86568081745835,0.8532559012688451
20241212,25,-39.79035366850084,3.215755951490522,0.8486585614258908
20241213,25,-28.118262785395686,9.908497128821777,0.38745406516407255
20241214,25,-40.68960021545328,3.433286142027004,0.730316852125063
20241215,25,-76.92047196035354,2.0238209450295184,1.0315691850885171
20241216,25,-28.850549409152674,7.083320620132198,0.6334910319209285
20241217,25,-27.100288661410506,6.487085776897946,0.9163677094117189
20241218,25,-52.86736101477574,3.334253744621587,0.4777797176339401
20241219,25,-142.5922265325526,3.5666265246502293,0.2941121151930119
20241220,25,-118.48962201139649,2.870736120773542,0.4264282466431508
20241221,25,-48.59311492000741,2.6832531333517258,0.6044205072601979
20241222,25,-45.894485613822724,2.755302373352999,0.8786007034589416
20241223,25,0.7280806747882931,40.80099416654152,1.2171349511090384
20241224,25,10.555843903663384,147.78380627683458,1.104824207379982
20241225,25,16.4507690416297,156.88007976163703,1.1751898762790671
20241226,25,-12.023815874283887,28.563243633492014,0.9435193947145589
20241227,25,-1.6211280796000844,99.7818986506307,0.9354368704015252
20241228,25,-1.0984416903045453,53.48423623300644,1.0919424492118144
20241229,25,20.168854850195277,173.63301626121887,1.2548148546600042
20241230,25,0.2069742380605586,90.50161975962214,0.9841622720476246
20250101,27,-12.294697840248087,67.7166666651679,0.7522470814302634
20250102,27,34.49502307126605,355.4089526966332,1.3574076488377023
20250103,27,-42.27066237095187,4.17991824835531,0.9192955531592252
20250104,27,-42.185671003436354,2.587324175011786,1.222653388679997
20250105,27,1.9522922742533595,79.96566390987236,1.107934244163007
20250106,27,-19.273184265221055,19.052865583004795,0.8443642527567937
20250107,27,5.318328796603954,104.67182948601491,1.0858547941119632
20250108,27,16.228471025494795,140.59593946972933,1.209762382237197
20250109,27,24.718372320744695,162.05865504661645,1.304666180738713
20250110,27,44.07997373455193,413.26687928782826,1.4013146316331522
20250111,27,4.015024676684323,165.88133786320668,0.9300870359208859
20250112,27,17.723175901584476,200.4673377447514,1.1484613464398417
20250113,27,4.927126485619413,243.36161828722902,0.9184084143265937
20250114,27,84.60770631498539,199.16083144263672,1.8831563952986712
20250115,27,-15.984599113729228,34.124572599203596,0.7764436857808938
20250116,27,0.9182841417373098,125.64873817797385,0.9667420780048328
20250117,27,-23.666068248373772,16.8774786679729,0.5965453491217156
20250118,27,-7.309771648966383,76.45920843944178,0.8377150365105568
20250119,27,-25.477333210909237,14.05282173103359,0.5366455248568062
20250120,27,-31.496788678004275,9.408797161367657,0.41969483797725615
20250121,27,-18.44780723924271,27.411686884265954,0.7152615517703905
20250122,27,-22.805872646981474,19.500254919942606,0.6140339977833273
20250123,27,-13.693601585738008,57.175376781562115,0.7200176123048612
20250124,27,-7.817842898761021,70.61937847357235,0.8568407979172643
20250125,27,-26.61269471406523,14.869558893345252,0.44669475305627476
20250126,27,-17.914081700619793,31.447633548837903,0.7172883544807772
20250127,27,-12.832214942636398,17.88477135078442,1.1868915644378453
20250128,27,-12.811705175147093,37.94972154151999,0.8632367171491339
20250129,27,-26.19398910190471,16.30650174159849,0.530236774090434
20250130,27,-6.945332070101773,37.671907524527526,1.0190009810334575
20250131,27,-2.760085848388604,13.716102572875418,1.5628805453758912
20250201,27,1.147436962899338,59.50539932384099,1.1488371655825218
20250202,27,-21.248209563698943,16.9496796701373,0.8133625282466562
20250203,27,-14.594091820072359,36.47790941843892,0.8150862288227668
20250204,27,-25.516127595700855,17.476273855863614,0.4571648484444999
20250205,27,26.137061461053474,429.6213902275558,1.1369130165019392
20250206,27,14.838227078015258,171.9644693227886,1.1318737794470968
20250207,27,-12.471445393396563,27.44267029933091,0.9621138015571884
20250208,27,-21.43027019077487,16.584127150689966,0.769167612542305
20250209,27,-10.08379791984982,49.875861379495866,0.8709131950300916
20250210,27,-10.333477056848015,22.193912558148682,1.1630916260410564
20250211,27,10.565162016064974,232.1762359509365,1.0105732938534486
20250212,27,16.032477500093158,94.07691326540552,1.291894910877646
20250213,27,10.713479174147338,137.3349717810597,1.1034015594973157
20250214,26,-0.16940287046927693,91.2257621891474,0.9928101093066387
20250215,27,-14.444968738580622,36.76149436405034,0.8347099628062072
20250216,27,-23.529049273402393,15.712595170278734,0.7333035840208393
20250217,27,-28.994552073119703,9.929608134453932,0.602338752762672
20250218,27,45.91365002139317,2693.461582964567,1.0887908001783881
20250219,27,9.70366758974231,266.792290748917,0.9990981892354994
20250220,27,5.279223432483624,232.3270256629901,0.9303268743830414
20250221,27,21.961073313213387,227.20605376382255,1.209728752409799
20250222,27,125.55842999112966,35160.02964179572,1.7701359820988967
20250223,27,49.12701080462925,625.3839753553549,1.371476406638255
20250224,27,-75.77806444207899,4.446165622301693,1.2850489425676388
20250225,27,-55.78687432111498,2.5682658896373165,1.7016714401956192
20250226,27,58.12224322420664,226.36773799586314,1.6517485514358599
20250227,27,24.7728198282532,240.84411975625557,1.239686534408561
20250228,27,18.231148892691007,166.16928160913457,1.2026819865801142
20250301,27,-10.823366901870779,42.18667110082864,0.8750854800566874
20250302,27,-0.36806005884032533,85.35909275517177,1.0037974266835128
20250303,27,5.194343572572892,104.8093804105878,1.067542404472695
20250304,27,15.033846070519456,340.34606308895053,0.9876655224131851
20250305,27,39.77212655220444,1409.6464193930956,1.1189213618728477
20250306,27,114.61682496739368,2163.4522470108327,1.7684545110506316
20250307,27,68.07590550647983,355.94801752150096,1.6741585633277531
20250308,27,9.614682963242853,123.81020735704075,1.1202505425352856
20250309,27,1.6113179589913091,98.36723622402197,0.9804706317136258
20250310,27,11.302342289504352,115.03006905441191,1.1392249085447297
20250311,27,-0.9624685923937921,87.97783118362214,1.0182687965645114
20250312,27,8.470419514550347,113.43117663365791,1.145427954800176
20250313,27,8.685724039910312,240.9629894529043,0.999758327874203
20250314,27,2.279134812756052,183.53344377858167,0.8856421883189646
20250315,27,-8.13126641032123,30.341933977337607,1.1077570180625862
20250316,27,-5.530888855011627,73.74154715613994,0.9253787992252973
20250317,27,13.460498045916573,157.14166051921805,1.1540575733954417
20250318,27,151.71773413416443,73405.56900535195,1.8338314713897974
20250319,27,41.419147697597595,616.4422434252485,1.3223819301243598
20250320,27,114.66012552136823,2350.2157548545892,1.7602848547173409
20250321,27,42.4563149621295,500.0736231790943,1.3418149181273749
20250322,27,18.48020391207319,102.5846088089901,1.3098904042207498
20250323,27,4.919381440724855,57.542318821098185,1.206143854928823
20250324,27,-16.358426643647245,25.927233858136937,0.8590200611762324
20250325,27,-4.120115412303267,103.72955717620796,0.8396522061180958
20250326,27,-9.08732095994865,62.46945280428708,0.8233184742228636
20250327,27,-16.979755974048327,24.16265093267528,0.8534038284172722
20250328,27,-15.423721896724471,30.691892824427917,0.810129769525619
20250329,27,-2.770613680539804,120.2558857083926,0.8376619555425535
20250330,27,-12.7974011359692,37.56696134502915,0.8622852547907752
20250331,27,-24.30527762418222,14.458048220111895,0.6319908203878147
20250401,27,32.89547074741054,256.5413436606235,1.3394731809310754
20250402,27,18.747337340016706,156.56036663545524,1.229664410604971
20250403,27,98.27932165691189,4429.5279860897235,1.5630623966575905
20250404,27,-5.505922429665149,21.588607867401862,1.2936756890103869
20250405,27,-29.932406391218155,9.864284178388461,0.545929885707296
20250406,27,30.43338505251341,784.7663869105437,1.09327384980119
20250407,27,-11.243945928054103,26.95247563172667,1.0414688328644666
20250408,27,-45.380764795191894,5.535142284740835,0.47713060788831163
20250409,27,-55.34182175106906,2.6519293685728162,0.5319159016368082
20250410,27,4.120632989403685,274.6343894573493,0.8498389107321479
20250411,27,19.652430495226675,288.8570338207296,1.1175363819071331
20250412,27,13.261099822650845,187.12311580277972,1.094433689777681
20250413,27,12.118820807256984,104.71764924489766,1.1966240559701176
20250414,27,1.1260080266190649,151.27272109074454,0.911891783085285
20250415,27,-30.981259548079905,9.630926494750494,0.3978422950327506
20250416,27,7.022616907637504,118.72572976544333,1.0811736157871763
20250417,27,15.979272149943075,101.33446479309268,1.2704820511658508
20250418,27,40.96696055252862,120.41827274996595,1.5994549215959724
20250419,27,-5.486325598658791,46.07594188288358,1.0767190328390974
20250420,27,-19.275388891592392,31.248031266553312,0.6341102008773533
20250421,27,-26.52450379303095,5.3716555440902995,1.1907767342202642
20250422,27,-50.910259776357506,2.0421957001805375,1.0430098883984145
20250423,27,-210.14817349335567,1.8194411005197317,0.6103665031633767
20250424,27,-86.9523507075243,1.9919259615150762,0.3829746684506725
20250425,27,-10.074652007373833,54.33888257890881,0.8701747392574842
20250426,26,-27.19416686807453,5.4530617754599495,1.0978856313551728
20250427,27,-16.035446079265387,16.786374359272077,1.067854291842009
20250428,27,-4.149397353854496,73.56573477276604,0.9305583528209672
20250429,27,26.429918576619624,364.9391062124863,1.1790132609252386
20250430,27,59.35796273624851,2513.231439553813,1.2981635033224304
20250501,26,97.5107592655537,6945.159500807699,1.5408261319190864
20250502,26,5.978668404494162,66.91216713779072,1.20672892343512
20250503,26,-42.9480567613343,6.145348382512686,0.3722541985339683
20250504,26,-72.57871844563239,2.675333592054176,0.6514919308427188
20250505,26,-35.92224318354147,5.121217341312793,0.6012105746935729
20250506,26,-33.6438235301447,9.149795879921156,0.20184942747162252
20250507,26,20.446165024009645,115.6971444673876,1.3430421952920926
20250508,26,119.66275494264016,24361.891690353503,1.7533094704892418
20250509,26,13.760079075905683,121.95037603386659,1.2099313816893325
20250510,26,-8.235382008418739,32.0006809137533,1.0375212978975838
20250511,26,-13.939031551191295,35.05097989150433,0.8827012549496207
20250512,26,-32.25692614548251,7.065859083593471,0.5348613845075988
20250513,26,-13.514709670207942,38.714658516130804,0.8331128073839484
20250514,26,-32.75323340688867,4.614259373103103,0.8078072871620098
20250515,26,-13.24107245773057,80.6758639496279,0.6169542747351576
20250516,26,-2.5385095989944952,43.88714591749082,1.112355274350611
20250517,26,-11.881225736464627,17.387016035471746,1.1848747257751393
20250518,26,-9.24184711976648,51.578201299307416,0.8659721089790724
20250519,26,-8.634643177689526,36.23859610643299,1.0036670635884974
20250520,26,-7.605662993589976,70.45959625737116,0.8314493101000433
20250521,25,1.2366743888423688,92.0439005945261,1.05964754786956
20250522,26,22.246122890105084,699.2390245903634,1.0431340603865946
20250523,26,4.4602705128756135,60.12526605783083,1.2022962779100617
20250524,26,-15.661127937172786,27.42311652420863,0.8431228314564073
20250525,26,-25.77311972648931,11.628712631208018,0.5810638667123899
20250526,26,-9.383886569284691,39.319652094202795,0.9496269327049501
20250527,26,10.178858095528792,81.47054680030912,1.2483309113901064
20250528,26,-5.156125957531139,56.063346110026934,1.0045871169329963
20250529,26,-22.709069344935052,15.273711748498382,0.7773891097816743
20250530,25,-32.8628246777606,7.6963834494076675,0.5372995638298218
20250601,27,-5.874690559377389,81.22973572668789,0.8732380984119267
20250602,27,37.747033227644366,1123.598660647112,1.1691470428052089
20250603,27,-12.551685950686576,33.13129585729401,0.9255611290739013
20250604,27,-17.844046674241657,29.269223796399846,0.7164212295266542
20250605,26,0.8273198505593804,72.81771981500302,1.0926727854837064
20250606,27,3.647331394443345,110.22831717295142,1.018715572134946
20250607,26,-17.38173885337695,12.820918900625914,1.1463719311608749
20250608,27,11.327214654865333,419.0739524301026,0.9342510805588091
20250609,27,-21.514755043017498,17.944332925356576,0.7540419030204661
20250610,26,-12.87261878799255,23.368291587896014,1.0251369218466801
20250611,26,-44.367811405175146,2.289854013957466,1.062671335122522
20250612,27,-91.01255022928302,2.737930571743832,0.4969100471815917
20250613,27,-12.974151780640497,34.394307139428314,0.8779535300701671
20250614,27,8.77960671111602,240.75528971468316,0.9595811405364183
20250615,27,-1.6786301676848865,139.47266039456042,0.8403306457330626
20250616,25,-0.843029789588738,42.14924183515134,1.1977835944567319
20250617,27,2.5234190171720527,259.65212675024827,0.8083720256147742
20250618,27,-9.370308801782299,38.73241559394938,0.9895522875853036
20250619,27,-14.034259987546225,21.716378965671545,0.9904366837491908
20250620,27,-8.541620626420245,28.475531246245016,1.0894391923939257
20250621,27,-17.66827243488487,4.42750175313611,1.734207651285198
20250622,27,-31.618386976403944,5.897606192854899,0.8175738040925457
20250623,27,-41.95511824034068,4.434948232887214,0.718526697263007
20250624,27,2.6855480441605106,120.54723505927109,0.9672146676730558
20250625,27,22.778356477475636,87.31591879426144,1.4463229419537136
20250626,27,-14.038026838906468,36.461092817250595,0.8605833037995946
20250627,27,14.098694935834779,160.80462923835114,1.1480027859174473
20250628,27,-24.40880736353701,6.239296949620685,1.215526780820292
20250629,27,-16.909136329179162,26.085311701830648,0.8273722471366255
20250630,27,-36.943308066227175,3.8929770540086346,0.8073888490441281
20250701,27,11.47870493106506,308.74653236639085,0.9975176549400756
20250702,27,24.069517693761195,473.70470891106896,1.0893882296845163
20250703,27,-1.886286476695716,63.08509678409966,1.0470486592381447
20250704,27,-26.816480302431863,5.8547956168200885,1.2776917132904697
20250705,27,-12.855150047188946,17.99426833106988,1.1389052691517974
20250706,27,-20.491864157616558,17.256444667443837,0.8232038025555343
20250707,27,-20.37344727751159,19.6278364644663,0.7736126011794728
20250708,27,-26.02287113028815,12.450961195292791,0.6065022031400882
20250709,27,-4.426899818538814,127.45710948523981,0.8393373772012555
20250710,27,-29.862788436105337,9.442140917042114,0.615889507102818
20250711,27,-56.11119558062899,4.152444262179242,0.4649834570903731
20250712,27,-42.08322964375854,2.41270134091902,1.4333125956870314
20250713,27,-8.179979119046624,66.15271646301277,0.8469389025299757
20250714,27,-13.136507522692712,15.785509157743101,1.167246540769385
20250715,27,-11.59681574243312,39.18015252936455,0.9008134293878576
20250716,27,-16.604658150503482,18.383733297537436,0.9895261042954857
20250717,27,-8.136416120531472,48.487327051394495,0.928774792408982
20250718,27,19.973740995740588,161.5498278402945,1.2473461759963065
20250719,27,-5.684494630423878,32.33604179006286,1.1412881994143498
20250720,27,-7.679096049072771,50.39084144876956,0.9324223494478409
20250721,27,-13.690412179810071,24.887084665361417,1.0136119958254406
20250722,27,-30.043563879718416,7.471873249594881,0.7769274770691444
20250723,27,-9.652997261763097,37.14552262603401,0.9694465800117484
20250724,27,-18.883011956856194,12.897013662992649,1.04750838546355
20250725,27,-17.89804074437556,24.56022611386511,0.8546856749216588
20250726,27,-30.738985959550075,6.946578945705808,0.8569560570131721
20250727,27,-23.496338511032484,30.493104259401207,0.6101596396438626
20250728,27,-6.948065693902937,22.286878533839502,1.249095669150497
20250729,27,-15.825213194974097,44.470095433314,0.7148788011851396
20250730,27,-13.14520943524461,30.38867988210102,0.9355975678445037
20250731,27,-14.105907013408345,41.59181419213159,0.7951930328786777
20250801,27,-16.781157462659436,28.344874759247478,0.8193541042556558
20250802,27,-4.964989716491893,116.21022842938359,0.8284881866193364
20250803,27,-7.623720805087807,41.68147138373041,1.0082100683866275
20250804,27,-18.028276453170978,40.5591370782339,0.617567827170103
20250805,27,5.364348587646473,138.37460786500858,0.9806125131656959
20250806,27,22.506281548858023,278.3429366486183,1.1768382821069059
20250807,27,-12.85018591363425,45.82365144653751,0.796558827006665
20250808,27,-17.919284320466748,21.302000084434393,0.8527540674118795
20250809,27,4.816422506292993,47.18142259671808,1.2600364646714115
20250810,27,-5.952810388266453,41.452643078105275,1.053620057082374
20250811,27,-5.763867652408014,64.09506072582242,0.9139578027666152
20250812,27,-7.852545946607968,81.22142919915987,0.8401931589078065
20250813,27,-4.625922005444013,94.43850128541504,0.8906100968006215
20250814,27,18.88906172256551,581.4127133926826,0.9944162495652716
20250815,27,-52.637779181830965,1.404043757236901,1.2647374673333527
20250816,27,-117.04893057589219,1.1624653824691005,0.5001943507908461
20250817,27,-23.917109079800333,20.39533261812643,0.48699729437553574
20250818,27,19.47390947509822,233.81878845249582,1.1484422979820588
20250819,27,27.243885450773572,192.0072293164475,1.331436249570238
20250820,27,-5.623191848026977,51.389480316651316,1.0152233349098683
20250821,27,10.254098964121958,125.18533503656838,1.129020174866197
20250822,27,-41.771674037111765,4.1792611013071514,0.5287938218539984
20250823,27,1.2454699204260873,92.58020985528431,1.058076324140202
20250824,27,-11.882635153156613,47.03668999704785,0.8260940032650955
20250825,27,-22.08493475686059,23.80563448834506,0.5499689577829224
20250826,27,11.671171630279101,319.85444144244815,0.9523480424090851
20250827,27,1.4748289169420694,40.051485273381736,1.2477339813393227
20250828,27,-28.696057950212122,10.346092354368336,0.5177571492130806
20250829,27,-31.24273032562666,8.677795081517091,0.417913406328681
20250830,27,-44.679009996406066,2.7801567141167025,0.7780541899627677
20250831,27,-21.986408248860606,28.98974380482493,0.5003200041709432
20250901,27,-17.324635170040736,24.640666042810533,0.8388360023142264
20250902,27,-17.852480525874757,16.53708518944459,0.9596394902634791
20250903,27,-27.338764638339583,11.562784079377023,0.5917772476441078
20250904,27,-12.265407378574114,43.358550331950376,0.8316504902276725
20250905,27,-14.686438732161342,64.108898064287,0.6506836816078734
20250906,27,-21.78599221871235,20.625240190546965,0.6579410449468254
20250907,27,-26.623588063369713,13.033080919569656,0.5894688328009328
20250908,27,-20.27829056056474,31.154287442096063,0.5595572940137868
20250909,27,-7.43973915741303,63.10505182310273,0.9276561055814684
20250910,27,-11.871091267527369,44.760765697997215,0.8474532969669865
20250911,27,-1.3730661156346242,84.99424103767443,0.9622302234354645
20250912,27,-25.38367963567134,14.796255615620842,0.5932572387081632
20250913,27,-37.177617949016735,7.262556295034203,0.36353628185198583
20250914,27,-54.14800772213478,4.842111739253496,0.23311314601985572
20250915,27,-0.08587099386515362,95.83610458557989,0.9929298770418991
20250916,27,22.881337015585906,393.7659988648889,1.1074670227808725
20250917,27,21.854575561902948,282.5004720670366,1.162034626199154
20250918,27,17.617996668307633,123.24992095523302,1.266959591367935
20250919,27,-10.37599915300577,36.73377918376794,0.9768445303830074
20250920,27,-49.18260591912747,1.5342619072876877,1.4650262918967811
20250921,27,-88.50038234498872,1.325729614219239,0.4883869872890467
20250922,27,6.625390735309846,195.4964505980302,0.9517599481170191
20250923,27,-7.156659932162117,33.6381789943692,1.1003135990775097
20250924,27,-21.369610872465923,15.973699205995196,0.7856685126486422
20250925,27,29.12054090705784,1739.4792118927294,0.9371413317007147
20250926,27,68.2156677312719,3455.199137456547,1.3256223009241022
20250927,27,62.04147214788749,117.20894907201169,1.816846488536224
20250928,27,9.126677710540495,149.2120872069366,1.067227335487161
20250929,27,-13.5062745814875,33.582919293795726,0.8645037256191583
20250930,27,-27.073581274606173,10.229397682821167,0.6683090253538522
20251001,27,125.5375210096494,27364.962714591293,1.7761459823073777
20251002,27,21.48056808213853,521.6170142093673,1.02963430042453
20251003,27,151.7047909588778,67863.20548645544,1.8314159471101203
20251004,27,-10.519211392989579,60.256316889577135,0.8200527735371285
20251005,27,-24.941090488999482,15.461224192579614,0.5830986399271683
20251006,27,-21.49978675519995,18.850965028206684,0.6963340681406193
20251007,27,-16.23662188894858,16.670005726890114,1.0388984866263986
20251008,27,-22.79888051049779,12.793753092891476,0.8465661896650027
20251009,27,-16.002326777421676,17.56107235516093,1.0101435086826092
20251010,27,-2.754007737649326,16.75599594503283,1.4658637055257633
20251011,27,-2.955257501135783,64.82942689548794,1.0190235781269457
20251012,27,-18.39628250419117,29.841204766007714,0.6691792882150545
20251013,27,-36.11727898879131,6.856586681606548,0.4060641144773141
20251014,27,-30.65685930331391,7.82322747347391,0.7489320488318714
20251015,27,-24.18873809468221,17.00247132348169,0.5960447053023243
20251016,27,-16.002883228649953,53.27700965237502,0.6494888875216316
20251017,27,94.79296142090081,2675.9919846484713,1.6139279517383596
20251018,27,-24.940062040567092,8.665310176236265,0.959369601314971
20251019,27,-79.48773165145177,2.789456439814485,0.27875542167588013
20251020,27,-46.29804142810984,4.400957300490535,0.41797478158260126
20251021,27,-11.975926756285457,88.36578279242823,0.7860526916715106
20251022,27,1.2403738599916103,83.19278969224722,1.0311689665648944
20251023,27,3.118799619317384,52.65190494161192,1.1897554313308665
20251024,27,-16.57685220117964,34.53609957672247,0.7570041357179018
20251025,27,-16.38580609262877,22.015387508413774,0.9941184839394666
20251026,27,4.36734456498543,119.1238631086583,1.0093642056189496
20251027,27,-4.218929403420143,46.21610307254636,1.0659692734913873
20251028,27,-13.935589050418695,19.411285207282376,1.1253426268136282
20251029,27,-12.09180487630121,44.739293078573425,0.880887071056524
20251030,27,-22.900275652734695,17.998750227575147,0.6630575554599049
20251031,27,-41.95693610566664,6.321649710173106,0.315593481759551
20251101,27,-28.207927178855474,14.285419945457113,0.29356044576773027
20251102,27,-31.182696950932826,6.814803912226411,0.7373171106647465
20251103,27,-21.587852508859978,31.043718402005993,0.512086300576005
20251104,26,-1.352165149493021,124.2911038790743,0.9059367000815105
20251105,27,-14.853277400034518,56.599695840130316,0.6614337852845781
20251106,27,-15.267649249145013,28.97344252053958,0.8572820845538297
20251107,27,-18.207193769990752,21.417784149962216,0.8335403970119873
20251108,27,-8.626124985575284,49.83130619997198,0.9213459714303092
20251109,27,-28.048439763748817,10.460607038410574,0.5914333643430539
20251110,27,-19.472380723547268,20.931314789485768,0.7779702505280081
20251111,27,-11.20288776472866,48.350667221750626,0.8350310493967832
20251112,27,-8.224480369899396,50.01638704533559,0.9157730658590569
20251113,27,-1.1687515219354516,58.71563315379438,1.0782068461458412
20251114,27,-21.237157522457785,23.356146043457425,0.6202936426638699
20251115,27,-16.16446694732479,44.68325546656041,0.6743691910837272
20251116,27,-31.08768638105011,7.889981395929814,0.5491119075544374
20251117,27,-37.06157270112233,8.90364617920739,0.18278275638019084
20251118,27,-11.086315277317103,49.7215966513364,0.8341151493754781
20251119,27,-17.094248264349307,19.81318504592884,0.9458038064595509
20251120,27,-23.69842805768791,12.737072607808779,0.7859850433524035
20251121,27,-23.357665059536835,23.39362628526689,0.4301869676853268
20251122,27,-8.736234175268853,47.872834931706585,0.9443765226533867
20251123,27,-0.037347392823065206,97.77277749098845,0.9478507759790528
20251124,27,-22.792644983373837,16.05655096323759,0.7239703595553153
20251125,27,-30.294579242183787,10.924397094696841,0.4571916709474926
20251126,27,-61.06897619770149,3.221999012312247,0.32134348645777816
20251127,27,-33.53081401213062,2.8745435195782814,1.5820095458222863
20251128,27,-29.9162083163685,3.1153781053692255,1.6556795740833212
20251129,27,-0.051526647618565846,90.18269383759063,0.9753129506190046
20251130,27,-14.840510572295923,34.15471303824388,0.8242056776815302
20251201,27,-17.40124509729573,36.59622429807791,0.6884374968926097
20251202,27,-38.53922164610516,3.4488160430710666,0.9602563728613991
20251203,27,-107.61812024399366,3.443021337855089,0.37399109244725787
20251204,27,-39.11340653940317,11.420756471099239,0.1707810288188089
20251205,27,-46.22723874559048,3.9518163910539967,0.5680892945644357
20251206,27,-9.72829958445961,61.913783896119725,0.8471489965614892
20251207,27,-15.211458111185774,25.145627182198478,0.8907119492497952
20251208,27,-5.637836829477067,42.60732902820323,1.0248323410336586
20251209,27,-30.478437696276206,7.431180655946529,0.6815691666098475
20251210,27,1.5999889150545847,104.00569754553052,0.9827770205234194
20251211,27,-7.929323089886136,57.59484804276073,0.8773636090762919
20251212,27,-24.743512399207134,6.868259161702887,1.0961494762031494
20251213,27,-35.354386971006605,5.429212437146287,0.6346542005385295
20251214,27,-23.003024340477467,13.950028930306143,0.756531588664414
20251215,27,-11.325975241651907,24.21550172780629,1.1406273683097294
20251216,27,14.459479338356346,180.9572275190339,1.1302430715537002
20251217,27,-12.888969531195247,24.197931426948863,0.9890540844119924
20251218,27,-3.8600582364718115,68.8649197071881,0.9754141493699908
20251219,27,-11.738005362476159,46.45616659608564,0.8470528903742065
20251220,26,-112.28432979740683,0.790490810438525,1.65434777248188
20251221,27,-7.341901794103714,15.00172209817274,1.4061430301218858
20251222,27,5.35579021236725,285.17015038338025,0.8485919669097616
20251223,27,4.986059075508301,130.0369829726131,1.0333914958287573
20251224,27,-3.8572646183370347,92.4610339706623,0.916655938592638
20251225,27,15.012735953423078,106.96848022218825,1.2349372232133133
20251226,27,-7.106996574098782,57.682298497018245,0.9149151526160948
20251227,27,-36.52922938067043,5.289689306012543,0.6149971995868585
20251228,27,-51.92474564829533,2.7064551585933225,0.7827402904105308
20251229,27,-86.28601000068684,2.5777563932548135,0.555399426723745
20251230,27,-21.587449244873433,22.75114960986372,0.6511128660849798
20251231,27,-37.84500401872407,7.294191057074961,0.28790150124977243
